,AMZN,AMZN,AMZN,AMZN,AMZN
,open,high,low,close,volume
time,,,,,
2017-12-06 00:00:00-05:00,1138.58,1155.89,1136.08,1152.94,1827873
2017-12-07 00:00:00-05:00,1156.59,1163.19,1151.0,1160.0,1593509
2017-12-08 00:00:00-05:00,1170.4,1172.79,1157.1,1161.99,1901497
2017-12-11 00:00:00-05:00,1164.6,1169.9,1157.0,1169.15,1434643
2017-12-12 00:00:00-05:00,1166.51,1173.6,1161.61,1165.56,1418735
2017-12-13 00:00:00-05:00,1170.0,1170.87,1160.27,1164.48,1588655
2017-12-14 00:00:00-05:00,1163.71,1177.93,1162.45,1175.06,2069320
2017-12-15 00:00:00-05:00,1177.85,1182.75,1169.33,1178.98,2640567
2017-12-18 00:00:00-05:00,1187.37,1194.78,1180.91,1190.8,1774701
2017-12-19 00:00:00-05:00,1189.15,1192.97,1179.14,1187.43,1615743
2017-12-20 00:00:00-05:00,1190.8,1191.0,1176.0,1177.29,1396963
2017-12-21 00:00:00-05:00,1175.9,1179.17,1167.64,1174.87,1274624
2017-12-22 00:00:00-05:00,1172.08,1174.62,1167.83,1168.33,991630
2017-12-26 00:00:00-05:00,1168.94,1178.32,1160.55,1176.94,1310412
2017-12-27 00:00:00-05:00,1180.74,1187.29,1175.61,1181.81,1168757
2017-12-28 00:00:00-05:00,1189.0,1190.1,1184.38,1185.99,1170447
2017-12-29 00:00:00-05:00,1182.35,1184.0,1167.5,1169.54,1471584
2018-01-02 00:00:00-05:00,1172.0,1190.0,1170.51,1189.0,1615329
2018-01-03 00:00:00-05:00,1188.3,1205.49,1188.3,1202.74,1979510
2018-01-04 00:00:00-05:00,1207.52,1215.87,1204.66,1209.64,1918318
2018-01-05 00:00:00-05:00,1217.51,1229.14,1210.0,1229.07,2134446
2018-01-08 00:00:00-05:00,1236.0,1253.08,1232.03,1246.95,2621390
2018-01-09 00:00:00-05:00,1256.9,1259.33,1241.76,1253.12,2333547
2018-01-10 00:00:00-05:00,1245.15,1254.29,1237.23,1254.29,1713349
2018-01-11 00:00:00-05:00,1259.74,1276.77,1256.46,1276.77,2083299
2018-01-12 00:00:00-05:00,1274.96,1305.76,1273.39,1305.2,3514773
2018-01-16 00:00:00-05:00,1322.5,1339.94,1292.3,1305.16,4832848
2018-01-17 00:00:00-05:00,1312.24,1314.0,1280.88,1295.0,3480712
2018-01-18 00:00:00-05:00,1293.95,1304.6,1284.02,1293.22,2633180
2018-01-19 00:00:00-05:00,1309.79,1313.0,1292.99,1294.58,2811549
2018-01-22 00:00:00-05:00,1297.17,1327.45,1296.66,1327.45,2465047
2018-01-23 00:00:00-05:00,1337.28,1364.9,1337.28,1363.05,3025423
2018-01-24 00:00:00-05:00,1374.82,1388.16,1338.0,1357.51,4349398
2018-01-25 00:00:00-05:00,1368.0,1378.34,1357.62,1377.31,3087991
2018-01-26 00:00:00-05:00,1392.01,1402.53,1380.91,1401.19,2737778
2018-01-29 00:00:00-05:00,1409.18,1431.39,1400.44,1417.68,3468500
2018-01-30 00:00:00-05:00,1403.5,1439.25,1392.0,1438.19,3612579
2018-01-31 00:00:00-05:00,1451.3,1472.58,1450.04,1451.39,3921711
2018-02-01 00:00:00-05:00,1445.0,1459.88,1385.14,1388.71,4839431
2018-02-02 00:00:00-05:00,1477.36,1498.0,1414.0,1429.87,7078215
2018-02-05 00:00:00-05:00,1402.62,1458.98,1320.72,1390.0,7078423
2018-02-06 00:00:00-05:00,1361.46,1443.99,1351.79,1442.84,6700703
2018-02-07 00:00:00-05:00,1449.0,1460.99,1415.15,1415.15,4375563
2018-02-08 00:00:00-05:00,1429.68,1433.75,1349.94,1350.51,4962868
2018-02-09 00:00:00-05:00,1373.49,1383.5,1265.93,1339.34,8710179
2018-02-12 00:00:00-05:00,1364.84,1393.81,1344.01,1386.97,3814015
2018-02-13 00:00:00-05:00,1385.93,1419.72,1383.53,1413.66,3587646
2018-02-14 00:00:00-05:00,1406.25,1452.06,1403.36,1451.08,3552753
2018-02-15 00:00:00-05:00,1466.89,1468.94,1436.84,1461.76,3511847
2018-02-16 00:00:00-05:00,1457.73,1465.8,1446.56,1448.59,2737266
2018-02-20 00:00:00-05:00,1446.49,1488.77,1446.49,1468.36,4199728
2018-02-21 00:00:00-05:00,1485.0,1503.49,1478.92,1482.92,3940322
2018-02-22 00:00:00-05:00,1495.36,1502.54,1475.76,1484.59,2927702
2018-02-23 00:00:00-05:00,1495.34,1500.0,1486.5,1500.0,2690910
2018-02-26 00:00:00-05:00,1509.53,1522.84,1507.0,1521.95,3078221
2018-02-27 00:00:00-05:00,1524.5,1526.78,1507.21,1512.0,2975564
2018-02-28 00:00:00-05:00,1519.51,1528.7,1512.0,1512.45,2405255
2018-03-01 00:00:00-05:00,1513.6,1518.49,1465.0,1492.0,4199300
2018-03-02 00:00:00-05:00,1469.5,1501.05,1455.01,1500.21,4342869
2018-03-05 00:00:00-05:00,1494.24,1525.0,1481.0,1523.61,3246807
2018-03-06 00:00:00-05:00,1533.2,1542.13,1528.0,1537.18,2751784
2018-03-07 00:00:00-05:00,1527.14,1545.9,1522.51,1544.9,2365056
2018-03-08 00:00:00-05:00,1550.0,1554.88,1545.25,1551.67,2179979
2018-03-09 00:00:00-05:00,1563.5,1578.94,1559.08,1578.94,2697253
2018-03-12 00:00:00-04:00,1592.6,1605.33,1586.7,1598.5,3020013
2018-03-13 00:00:00-04:00,1615.96,1617.54,1578.01,1588.13,4065395
2018-03-14 00:00:00-04:00,1597.0,1606.44,1590.89,1591.0,2613321
2018-03-15 00:00:00-04:00,1595.0,1596.91,1578.11,1582.75,2606400
2018-03-16 00:00:00-04:00,1583.15,1589.44,1567.54,1571.69,2857100
2018-03-19 00:00:00-04:00,1554.53,1561.66,1525.35,1545.58,3884291
2018-03-20 00:00:00-04:00,1548.4,1587.0,1545.41,1586.52,2782441
2018-03-21 00:00:00-04:00,1586.45,1590.0,1563.17,1582.93,3029009
2018-03-22 00:00:00-04:00,1565.47,1573.85,1542.4,1544.92,3566700
2018-03-23 00:00:00-04:00,1539.01,1549.02,1495.36,1495.55,4669265
2018-03-26 00:00:00-04:00,1530.0,1556.99,1499.25,1555.87,3216498
2018-03-27 00:00:00-04:00,1572.15,1575.97,1482.32,1497.12,4066382
2018-03-28 00:00:00-04:00,1452.0,1455.9,1386.17,1429.19,8194083
2018-03-29 00:00:00-04:00,1407.0,1455.47,1365.2,1445.96,7667686
2018-04-02 00:00:00-04:00,1417.62,1421.36,1355.0,1371.92,6028133
2018-04-03 00:00:00-04:00,1390.61,1414.0,1355.33,1392.05,6426994
2018-04-04 00:00:00-04:00,1358.23,1415.39,1352.88,1410.58,4230642
2018-04-05 00:00:00-04:00,1442.0,1459.56,1427.07,1451.75,3739195
2018-04-06 00:00:00-04:00,1429.97,1452.5,1400.26,1405.21,3449309
2018-04-09 00:00:00-04:00,1425.03,1438.48,1402.57,1405.91,2418160
2018-04-10 00:00:00-04:00,1431.99,1438.38,1415.7,1436.26,2382932
2018-04-11 00:00:00-04:00,1439.44,1448.78,1424.89,1427.29,2057440
2018-04-12 00:00:00-04:00,1439.5,1452.12,1435.06,1448.48,1902684
2018-04-13 00:00:00-04:00,1449.14,1459.78,1424.52,1431.11,2128378
2018-04-16 00:00:00-04:00,1445.0,1447.0,1427.48,1440.63,1659342
2018-04-17 00:00:00-04:00,1462.05,1507.19,1457.02,1503.63,3181990
2018-04-18 00:00:00-04:00,1514.65,1533.8,1504.11,1527.85,3121119
2018-04-19 00:00:00-04:00,1543.19,1568.6,1539.06,1556.73,3739164
2018-04-20 00:00:00-04:00,1561.2,1561.2,1516.09,1527.5,3595146
2018-04-23 00:00:00-04:00,1546.69,1548.0,1503.41,1517.85,2789436
2018-04-24 00:00:00-04:00,1534.99,1539.5,1448.45,1460.61,4937616
2018-04-25 00:00:00-04:00,1458.0,1469.99,1415.02,1461.74,4135077
2018-04-26 00:00:00-04:00,1485.01,1529.42,1478.5,1519.28,3917941
2018-04-27 00:00:00-04:00,1634.01,1638.1,1517.96,1572.76,7693103
2018-04-30 00:00:00-04:00,1582.5,1596.0,1560.94,1566.13,3057792
2018-05-01 00:00:00-04:00,1563.22,1585.0,1552.18,1582.26,2740225
2018-05-02 00:00:00-04:00,1580.8,1588.5,1566.36,1570.53,2612708
2018-05-03 00:00:00-04:00,1560.01,1574.8,1546.02,1570.8,2502792
2018-05-04 00:00:00-04:00,1563.0,1584.9,1562.19,1580.99,2028511
2018-05-07 00:00:00-04:00,1589.34,1606.95,1587.83,1599.86,2292382
2018-05-08 00:00:00-04:00,1595.0,1596.88,1582.51,1592.39,1790219
2018-05-09 00:00:00-04:00,1600.0,1607.0,1592.0,1606.87,2115115
2018-05-10 00:00:00-04:00,1608.48,1615.6,1603.44,1609.42,1653857
2018-05-11 00:00:00-04:00,1610.99,1611.1,1597.89,1603.32,1222766
2018-05-14 00:00:00-04:00,1603.2,1611.18,1600.05,1602.0,1401201
2018-05-15 00:00:00-04:00,1587.8,1587.8,1565.22,1576.5,3010250
2018-05-16 00:00:00-04:00,1577.5,1594.43,1576.67,1587.75,1543344
2018-05-17 00:00:00-04:00,1580.44,1594.04,1573.0,1581.37,1269222
2018-05-18 00:00:00-04:00,1580.96,1583.59,1572.1,1574.5,1371161
2018-05-21 00:00:00-04:00,1585.0,1592.05,1575.0,1585.66,1534343
2018-05-22 00:00:00-04:00,1589.89,1589.89,1575.25,1581.39,1010797
2018-05-23 00:00:00-04:00,1571.05,1601.86,1566.34,1601.86,1782613
2018-05-24 00:00:00-04:00,1598.03,1608.24,1588.38,1603.48,1949555
2018-05-25 00:00:00-04:00,1603.0,1614.12,1600.45,1609.62,1410804
2018-05-29 00:00:00-04:00,1600.71,1621.79,1600.15,1612.88,2248254
2018-05-30 00:00:00-04:00,1617.01,1626.0,1612.93,1625.87,1721704
2018-05-31 00:00:00-04:00,1623.0,1635.0,1621.35,1630.14,1798032
2018-06-01 00:00:00-04:00,1637.03,1646.73,1635.09,1642.91,1920028
2018-06-04 00:00:00-04:00,1648.0,1665.68,1645.49,1665.4,1802433
2018-06-05 00:00:00-04:00,1672.99,1699.0,1670.06,1696.48,2793926
2018-06-06 00:00:00-04:00,1704.51,1714.5,1686.47,1697.78,3317487
2018-06-07 00:00:00-04:00,1698.56,1699.9,1676.11,1689.27,2237154
2018-06-08 00:00:00-04:00,1681.77,1689.44,1673.01,1682.52,1663830
2018-06-11 00:00:00-04:00,1681.51,1694.24,1680.59,1689.62,1336069
2018-06-12 00:00:00-04:00,1691.0,1699.51,1691.0,1698.73,1280021
2018-06-13 00:00:00-04:00,1702.81,1713.75,1700.12,1704.81,1956515
2018-06-14 00:00:00-04:00,1712.71,1724.8,1708.87,1723.75,1805126
2018-06-15 00:00:00-04:00,1714.0,1720.87,1708.52,1716.26,2480829
2018-06-18 00:00:00-04:00,1704.1,1726.74,1702.56,1724.83,1693892
2018-06-19 00:00:00-04:00,1709.04,1736.11,1700.39,1736.01,2278942
2018-06-20 00:00:00-04:00,1742.5,1762.93,1741.36,1750.07,2522375
2018-06-21 00:00:00-04:00,1759.45,1763.95,1717.56,1730.2,2933793
2018-06-22 00:00:00-04:00,1742.63,1743.0,1711.9,1715.06,2164388
2018-06-25 00:00:00-04:00,1702.25,1705.0,1646.31,1663.17,4160997
2018-06-26 00:00:00-04:00,1672.37,1701.57,1663.34,1691.19,2360197
2018-06-27 00:00:00-04:00,1708.11,1711.95,1660.0,1660.0,2563988
2018-06-28 00:00:00-04:00,1671.51,1705.5,1661.17,1701.5,2616338
2018-06-29 00:00:00-04:00,1717.0,1723.41,1694.32,1699.67,2474322
2018-07-02 00:00:00-04:00,1682.7,1713.89,1678.06,1713.75,1844773
2018-07-03 00:00:00-04:00,1723.96,1725.0,1692.48,1694.88,1224968
2018-07-05 00:00:00-04:00,1706.05,1710.69,1682.15,1699.56,1756136
2018-07-06 00:00:00-04:00,1698.01,1715.27,1691.67,1711.01,1379167
2018-07-09 00:00:00-04:00,1723.76,1739.56,1716.23,1739.03,1575436
2018-07-10 00:00:00-04:00,1738.28,1750.0,1731.0,1743.35,1701145
2018-07-11 00:00:00-04:00,1737.35,1756.96,1734.0,1755.53,1707927
2018-07-12 00:00:00-04:00,1764.95,1798.0,1762.18,1796.6,2695856
2018-07-13 00:00:00-04:00,1803.93,1815.3,1795.23,1813.2,2518905
2018-07-16 00:00:00-04:00,1822.08,1841.95,1814.45,1822.49,3262549
2018-07-17 00:00:00-04:00,1811.56,1851.69,1797.38,1844.0,3401698
2018-07-18 00:00:00-04:00,1848.01,1858.88,1831.27,1842.47,2801302
2018-07-19 00:00:00-04:00,1829.46,1841.0,1811.27,1813.68,2546481
2018-07-20 00:00:00-04:00,1824.25,1834.84,1810.06,1813.68,2139385
2018-07-23 00:00:00-04:00,1815.0,1819.0,1769.99,1802.0,2107001
2018-07-24 00:00:00-04:00,1830.73,1840.0,1809.38,1829.28,2324523
2018-07-25 00:00:00-04:00,1829.3,1863.84,1822.64,1863.8,3333152
2018-07-26 00:00:00-04:00,1839.0,1844.68,1804.5,1805.22,5681651
2018-07-27 00:00:00-04:00,1876.05,1880.05,1806.53,1817.99,8768534
2018-07-30 00:00:00-04:00,1827.33,1829.5,1766.02,1779.28,5352547
2018-07-31 00:00:00-04:00,1786.49,1801.83,1739.32,1777.41,5382278
2018-08-01 00:00:00-04:00,1784.0,1798.4365,1776.02,1797.05,3885543
2018-08-02 00:00:00-04:00,1788.77,1836.56,1786.0,1834.21,3880943
2018-08-03 00:00:00-04:00,1838.78,1841.0,1821.501,1822.93,2389567
2018-08-06 00:00:00-04:00,1825.81,1847.77,1818.92,1847.68,2480210
2018-08-07 00:00:00-04:00,1854.53,1869.72,1846.27,1862.7,2596829
2018-08-08 00:00:00-04:00,1861.0,1891.51,1854.5,1886.52,3631508
2018-08-09 00:00:00-04:00,1882.38,1914.57,1877.48,1898.13,3755811
2018-08-10 00:00:00-04:00,1888.51,1899.5,1878.2125,1886.0,2710068
2018-08-13 00:00:00-04:00,1898.5,1925.0,1893.67,1895.65,4399293
2018-08-14 00:00:00-04:00,1919.39,1921.01,1900.0,1919.86,3654984
2018-08-15 00:00:00-04:00,1909.55,1916.21,1869.79,1882.37,7188924
2018-08-16 00:00:00-04:00,1903.94,1905.0499,1883.5525,1887.47,3621475
2018-08-17 00:00:00-04:00,1885.8,1888.0,1855.55,1882.22,3201138
2018-08-20 00:00:00-04:00,1890.57,1891.7465,1866.061,1877.24,2722850
2018-08-21 00:00:00-04:00,1880.0,1897.75,1874.405,1883.64,2861300
2018-08-22 00:00:00-04:00,1876.64,1905.8,1876.64,1905.45,2945031
2018-08-23 00:00:00-04:00,1907.17,1919.5,1900.76,1902.8,2409406
2018-08-24 00:00:00-04:00,1910.51,1916.01,1902.54,1905.43,2488959
2018-08-27 00:00:00-04:00,1915.0,1927.7,1906.01,1927.62,3336319
2018-08-28 00:00:00-04:00,1937.73,1941.7771,1928.82,1933.0,2842250
2018-08-29 00:00:00-04:00,1953.45,1998.69,1948.94,1998.38,6159931
2018-08-30 00:00:00-04:00,1997.42,2025.57,1986.9,2002.22,7007660
2018-08-31 00:00:00-04:00,2005.01,2022.38,2004.74,2013.83,2830739
2018-09-04 00:00:00-04:00,2026.5,2050.5,2013.0,2039.58,4420050
2018-09-05 00:00:00-04:00,2038.11,2040.38,1989.89,1995.0,4249859
2018-09-06 00:00:00-04:00,2006.505,2007.5,1935.21,1958.365,5614278
2018-09-07 00:00:00-04:00,1938.71,1975.2,1937.35,1952.2,3472937
2018-09-10 00:00:00-04:00,1970.43,1973.04,1931.5157,1941.81,3100576
2018-09-11 00:00:00-04:00,1928.27,1988.88,1917.0,1987.61,2715087
2018-09-12 00:00:00-04:00,1994.0,2000.0,1962.44,1990.07,2985582
2018-09-13 00:00:00-04:00,2000.0,2008.76,1982.0277,1990.0,3280352
2018-09-14 00:00:00-04:00,1991.75,1993.0,1959.22,1970.19,3440333
2018-09-17 00:00:00-04:00,1952.865,1956.82,1887.41,1908.03,6821963
2018-09-18 00:00:00-04:00,1917.5,1958.2,1916.01,1941.59,3024558
2018-09-19 00:00:00-04:00,1940.5,1940.83,1904.9,1926.28,2180429
2018-09-20 00:00:00-04:00,1943.1663,1955.0,1932.25,1944.3,2921514
2018-09-21 00:00:00-04:00,1953.51,1957.31,1910.5011,1915.01,5370017
2018-09-24 00:00:00-04:00,1898.59,1936.88,1865.0,1934.35,3642637
2018-09-25 00:00:00-04:00,1942.9,1975.91,1938.85,1974.55,2766623
2018-09-26 00:00:00-04:00,1968.3,1995.25,1961.52,1974.85,3223351
2018-09-27 00:00:00-04:00,1989.6,2016.1564,1989.5,2012.98,4055435
2018-09-28 00:00:00-04:00,2009.6628,2026.52,1996.4648,2002.57,3243297
2018-10-01 00:00:00-04:00,2021.0,2033.19,2003.6,2004.36,2232245
2018-10-02 00:00:00-04:00,2000.6014,2013.39,1965.77,1970.0,4012791
2018-10-03 00:00:00-04:00,1981.69,1989.7,1949.81,1952.76,4713942
2018-10-04 00:00:00-04:00,1949.0,1956.0,1896.57,1910.32,5137287
2018-10-05 00:00:00-04:00,1917.99,1929.08,1862.83,1889.58,5545721
2018-10-08 00:00:00-04:00,1870.585,1901.9962,1830.6627,1864.42,7061322
2018-10-09 00:00:00-04:00,1861.0,1896.6759,1852.32,1870.32,4496453
2018-10-10 00:00:00-04:00,1855.5332,1857.0,1754.41,1755.25,10503319
2018-10-11 00:00:00-04:00,1725.01,1754.0,1685.1,1719.36,11936763
2018-10-12 00:00:00-04:00,1795.905,1806.26,1742.53,1788.61,6314157
2018-10-15 00:00:00-04:00,1793.4,1794.8438,1734.23,1760.95,5859434
2018-10-16 00:00:00-04:00,1783.5,1823.88,1761.55,1820.15,5481724
2018-10-17 00:00:00-04:00,1832.03,1837.9916,1807.0,1831.73,4860411
2018-10-18 00:00:00-04:00,1819.738,1830.15,1767.87,1770.72,5609484
2018-10-19 00:00:00-04:00,1785.0,1809.1,1753.0,1764.03,6486965
2018-10-22 00:00:00-04:00,1784.0,1809.4999,1756.0,1789.005,4236373
2018-10-23 00:00:00-04:00,1742.24,1776.34,1714.0,1768.25,4808949
2018-10-24 00:00:00-04:00,1773.7,1777.71,1656.56,1659.63,5002212
2018-10-25 00:00:00-04:00,1703.34,1794.81,1692.0101,1782.0,8085683
2018-10-26 00:00:00-04:00,1649.59,1698.46,1603.0,1638.28,11006965
2018-10-29 00:00:00-04:00,1659.795,1665.7383,1495.0,1538.6078,10690836
2018-10-30 00:00:00-04:00,1481.58,1540.99,1476.36,1530.42,9332567
2018-10-31 00:00:00-04:00,1569.11,1623.91,1565.09,1599.19,4602373
2018-11-01 00:00:00-04:00,1623.53,1670.4465,1598.44,1665.86,7682121
2018-11-02 00:00:00-04:00,1678.59,1697.44,1651.83,1665.58,6221611
2018-11-05 00:00:00-05:00,1657.57,1658.09,1596.36,1627.45,5231856
2018-11-06 00:00:00-05:00,1618.35,1665.0,1614.55,1642.86,4000487
2018-11-07 00:00:00-05:00,1673.0,1759.23,1664.075,1757.36,7606948
2018-11-08 00:00:00-05:00,1752.89,1784.0,1725.11,1754.95,3299391
2018-11-09 00:00:00-05:00,1735.12,1743.9207,1701.87,1712.03,2962981
2018-11-12 00:00:00-05:00,1699.67,1708.55,1630.01,1636.79,3229882
2018-11-13 00:00:00-05:00,1649.29,1677.0638,1613.75,1631.445,2901917
2018-11-14 00:00:00-05:00,1656.32,1672.9952,1597.07,1600.1,6052227
2018-11-15 00:00:00-05:00,1581.01,1624.82,1546.51,1620.0,7969198
2018-11-16 00:00:00-05:00,1587.5,1614.48,1573.12,1593.59,5789575
2018-11-19 00:00:00-05:00,1577.01,1581.19,1503.36,1512.7,7408605
2018-11-20 00:00:00-05:00,1437.5,1534.75,1420.0,1495.46,10400723
2018-11-21 00:00:00-05:00,1542.99,1550.0,1516.2,1516.4,5464027
2018-11-23 00:00:00-05:00,1517.0,1536.2,1501.81,1502.08,2508385
2018-11-26 00:00:00-05:00,1539.0,1584.81,1524.22,1581.33,5901415
2018-11-27 00:00:00-05:00,1575.99,1597.65,1558.01,1582.0,5417385
2018-11-28 00:00:00-05:00,1613.92,1681.45,1601.215,1677.46,7904444
2018-11-29 00:00:00-05:00,1674.99,1692.37,1652.331,1672.94,6312746
2018-11-30 00:00:00-05:00,1679.5,1696.0,1666.5,1691.55,5186801
2018-12-03 00:00:00-05:00,1769.46,1778.34,1730.0,1772.9,6403320
2018-12-04 00:00:00-05:00,1756.0,1770.3383,1665.404,1668.64,8090560
2018-12-06 00:00:00-05:00,1614.87,1700.0,1609.85,1700.0,8247065
2018-12-07 00:00:00-05:00,1705.07,1718.9261,1625.46,1629.11,7080944
2018-12-10 00:00:00-05:00,1623.84,1657.99,1590.87,1641.2,7179113
2018-12-11 00:00:00-05:00,1678.0,1679.4684,1619.6,1643.4,5802900
2018-12-12 00:00:00-05:00,1669.0,1704.99,1660.27,1663.13,6044555
2018-12-13 00:00:00-05:00,1680.0,1692.12,1641.5,1659.74,4979728
2018-12-14 00:00:00-05:00,1638.0,1642.57,1585.0,1591.92,5752043
2018-12-17 00:00:00-05:00,1566.0,1576.13,1505.01,1519.75,8117515
2018-12-18 00:00:00-05:00,1540.0,1567.55,1523.01,1551.11,6143530
2018-12-19 00:00:00-05:00,1543.05,1584.53,1483.18,1494.83,7903568
2018-12-20 00:00:00-05:00,1484.0,1509.5,1432.69,1460.83,9314198
2018-12-21 00:00:00-05:00,1464.99,1480.0,1363.96,1376.73,12453718
2018-12-24 00:00:00-05:00,1346.0,1396.03,1307.0,1342.91,6958691
2018-12-26 00:00:00-05:00,1368.89,1473.1567,1363.01,1470.81,9884789
2018-12-27 00:00:00-05:00,1454.2,1469.0,1390.31,1462.0,9157443
2018-12-28 00:00:00-05:00,1473.35,1513.47,1449.0,1475.18,8215424
2018-12-31 00:00:00-05:00,1510.8,1520.76,1487.0,1492.38,6215958
2019-01-02 00:00:00-05:00,1465.2,1553.36,1460.93,1536.73,7132821
2019-01-03 00:00:00-05:00,1520.01,1538.0,1498.1062,1502.07,6340704
2019-01-04 00:00:00-05:00,1530.0,1594.0,1518.31,1574.54,8285596
2019-01-07 00:00:00-05:00,1602.31,1634.56,1589.185,1631.12,7252880
2019-01-08 00:00:00-05:00,1664.69,1676.61,1616.61,1655.835,8184304
2019-01-09 00:00:00-05:00,1652.98,1667.799,1641.3953,1657.59,5718583
2019-01-10 00:00:00-05:00,1643.07,1663.25,1621.615,1655.5,6024209
2019-01-11 00:00:00-05:00,1640.55,1660.294,1636.22,1639.66,4171157
2019-01-14 00:00:00-05:00,1615.0,1648.2,1595.15,1619.8767,5255053
2019-01-15 00:00:00-05:00,1632.0,1672.97,1626.01,1672.75,5504935
2019-01-16 00:00:00-05:00,1684.22,1705.0,1675.8787,1681.9703,5690955
2019-01-17 00:00:00-05:00,1681.46,1700.17,1677.5,1691.37,3801991
2019-01-18 00:00:00-05:00,1712.0,1716.2,1691.54,1693.2421,5590622
2019-01-22 00:00:00-05:00,1681.0,1681.8668,1610.2,1628.398,5768384
2019-01-23 00:00:00-05:00,1655.99,1657.43,1612.0,1636.55,4758701
2019-01-24 00:00:00-05:00,1641.07,1657.2572,1631.7847,1654.97,3419975
2019-01-25 00:00:00-05:00,1670.0,1683.48,1661.6122,1668.6,4248850
2019-01-28 00:00:00-05:00,1644.62,1645.0,1614.09,1636.185,4294355
2019-01-29 00:00:00-05:00,1631.27,1632.38,1590.72,1592.73,4087240
2019-01-30 00:00:00-05:00,1622.09,1676.95,1619.68,1670.2312,4779035
2019-01-31 00:00:00-05:00,1691.87,1736.411,1679.0822,1720.41,7804004
2019-02-01 00:00:00-05:00,1637.8,1673.06,1622.01,1623.8,10364406
2019-02-04 00:00:00-05:00,1623.0,1649.63,1613.5,1630.5,4434619
2019-02-05 00:00:00-05:00,1643.34,1665.26,1642.5,1656.87,3853990
2019-02-06 00:00:00-05:00,1670.75,1672.26,1633.34,1639.42,3639233
2019-02-07 00:00:00-05:00,1625.02,1625.539,1592.91,1611.6058,4065241
2019-02-08 00:00:00-05:00,1586.0,1588.59,1566.756,1585.7397,5163140
2019-02-11 00:00:00-05:00,1600.78,1609.29,1586.0,1591.8,2993984
2019-02-12 00:00:00-05:00,1603.99,1638.97,1598.88,1637.89,4397459
2019-02-13 00:00:00-05:00,1647.0,1656.38,1637.1063,1640.3726,3144253
2019-02-14 00:00:00-05:00,1624.5,1637.9,1606.061,1623.8774,3678810
2019-02-15 00:00:00-05:00,1627.86,1628.9099,1604.5,1607.5299,3972633
2019-02-19 00:00:00-05:00,1601.0,1634.0,1600.56,1627.4731,3363526
2019-02-20 00:00:00-05:00,1630.0,1634.93,1610.12,1622.62,3099413
2019-02-21 00:00:00-05:00,1619.85,1623.56,1600.91,1619.9,3294305
2019-02-22 00:00:00-05:00,1623.5,1634.94,1621.17,1631.19,2590256
2019-02-25 00:00:00-05:00,1641.45,1654.6,1630.3873,1633.0,2858663
2019-02-26 00:00:00-05:00,1625.98,1639.99,1616.1335,1636.33,2387059
2019-02-27 00:00:00-05:00,1628.18,1641.81,1615.1,1641.09,2855043
2019-02-28 00:00:00-05:00,1635.25,1651.77,1633.83,1639.79,2439847
2019-03-01 00:00:00-05:00,1653.74,1674.26,1651.0,1671.26,4274122
2019-03-04 00:00:00-05:00,1685.0,1709.43,1674.36,1696.16,5635905
2019-03-05 00:00:00-05:00,1702.95,1707.8,1689.01,1691.81,3441803
2019-03-06 00:00:00-05:00,1695.97,1697.75,1668.28,1669.16,3715728
2019-03-07 00:00:00-05:00,1667.06,1669.7534,1620.51,1626.28,4213562
2019-03-08 00:00:00-05:00,1604.01,1622.72,1586.57,1622.11,4139096
2019-03-11 00:00:00-04:00,1626.95,1672.285,1626.01,1670.32,3476811
2019-03-12 00:00:00-04:00,1669.0,1684.265,1660.98,1672.42,3094709
2019-03-13 00:00:00-04:00,1683.0,1700.0,1679.35,1690.8,3263391
2019-03-14 00:00:00-04:00,1691.2,1702.0,1684.34,1685.29,2583867
2019-03-15 00:00:00-04:00,1700.22,1718.8,1693.13,1712.91,4133684
2019-03-18 00:00:00-04:00,1712.39,1750.0,1712.39,1742.0,4804401
2019-03-19 00:00:00-04:00,1754.13,1784.16,1753.51,1762.7,5692348
2019-03-20 00:00:00-04:00,1769.94,1799.01,1767.0338,1797.73,5635029
2019-03-21 00:00:00-04:00,1796.26,1823.75,1787.281,1818.4,5081857
2019-03-22 00:00:00-04:00,1810.17,1818.98,1763.11,1764.06,5841108
2019-03-25 00:00:00-04:00,1757.79,1782.675,1747.5,1774.07,4735693
2019-03-26 00:00:00-04:00,1792.85,1805.77,1773.3597,1784.47,4486129
2019-03-27 00:00:00-04:00,1784.13,1787.5,1745.68,1766.0,3998643
2019-03-28 00:00:00-04:00,1770.0,1777.93,1753.47,1773.67,2819446
2019-03-29 00:00:00-04:00,1786.58,1792.86,1776.63,1781.09,2744465
2019-04-01 00:00:00-04:00,1800.11,1815.67,1798.73,1814.36,2005504
2019-04-02 00:00:00-04:00,1811.93,1820.0,1805.121,1814.0,3098296
2019-04-03 00:00:00-04:00,1826.72,1830.0,1809.62,1820.41,3637589
2019-04-04 00:00:00-04:00,1820.65,1828.75,1804.2,1819.51,3318144
2019-04-05 00:00:00-04:00,1829.0,1838.58,1825.19,1837.65,3186217
2019-04-08 00:00:00-04:00,1833.23,1850.2,1825.11,1849.679,3432186
2019-04-09 00:00:00-04:00,1845.49,1853.09,1831.78,1836.52,3300977
2019-04-10 00:00:00-04:00,1841.0,1848.0,1828.81,1847.33,2766747
2019-04-11 00:00:00-04:00,1848.7,1849.95,1840.31,1844.5,2412329
2019-04-12 00:00:00-04:00,1848.4,1851.5,1841.3,1842.96,2598729
2019-04-15 00:00:00-04:00,1842.0,1846.85,1818.9,1844.85,3271660
2019-04-16 00:00:00-04:00,1851.31,1869.77,1848.0,1862.92,2788392
2019-04-17 00:00:00-04:00,1872.5,1876.473,1860.44,1864.82,2588487
2019-04-18 00:00:00-04:00,1866.2,1870.82,1859.48,1861.4,2613709
2019-04-22 00:00:00-04:00,1855.4,1888.42,1845.64,1888.04,3196934
2019-04-23 00:00:00-04:00,1891.2,1929.26,1889.58,1924.17,4123487
2019-04-24 00:00:00-04:00,1925.1,1929.69,1898.16,1900.88,3044542
2019-04-25 00:00:00-04:00,1917.0035,1922.45,1900.31,1902.16,4154636
2019-04-26 00:00:00-04:00,1928.69,1951.0,1898.0,1950.9,7614548
2019-04-29 00:00:00-04:00,1949.0,1956.335,1934.09,1939.0,3542692
2019-04-30 00:00:00-04:00,1930.12,1935.71,1906.95,1926.53,3106108
2019-05-01 00:00:00-04:00,1933.09,1943.64,1910.55,1911.29,2814558
2019-05-02 00:00:00-04:00,1913.33,1921.55,1881.87,1901.72,3641665
2019-05-03 00:00:00-04:00,1949.0,1964.4,1936.0,1961.76,5687567
2019-05-06 00:00:00-04:00,1917.98,1959.0,1910.5,1950.29,4911645
2019-05-07 00:00:00-04:00,1939.99,1949.1005,1903.3795,1922.58,5451477
2019-05-08 00:00:00-04:00,1918.87,1935.37,1910.0,1916.85,3650183
2019-05-09 00:00:00-04:00,1900.98,1909.4,1876.0,1900.01,4928658
2019-05-10 00:00:00-04:00,1898.0,1903.79,1856.0,1889.98,5355441
2019-05-13 00:00:00-04:00,1837.11,1846.535,1818.0,1822.62,5312153
2019-05-14 00:00:00-04:00,1839.9,1852.44,1815.75,1840.05,4179780
2019-05-15 00:00:00-04:00,1827.95,1874.427,1823.0,1871.12,4294255
2019-05-16 00:00:00-04:00,1885.9,1917.51,1882.29,1907.86,4317968
2019-05-17 00:00:00-04:00,1893.05,1910.53,1867.33,1867.99,4384715
2019-05-20 00:00:00-04:00,1852.69,1867.78,1835.54,1858.04,3483969
2019-05-21 00:00:00-04:00,1874.79,1879.0,1846.0,1858.11,3603729
2019-05-22 00:00:00-04:00,1851.22,1871.485,1851.0,1859.425,2647140
2019-05-23 00:00:00-04:00,1837.0,1844.0,1804.2,1815.67,4041503
2019-05-24 00:00:00-04:00,1835.89,1841.76,1817.851,1823.3,3096132
2019-05-28 00:00:00-04:00,1832.35,1849.2668,1827.35,1836.56,2861458
2019-05-29 00:00:00-04:00,1823.18,1830.0,1807.5327,1820.2,3730772
2019-05-30 00:00:00-04:00,1824.31,1829.47,1807.825,1815.81,2934611
2019-05-31 00:00:00-04:00,1790.01,1795.585,1772.7034,1775.07,3916862
2019-06-03 00:00:00-04:00,1760.01,1766.29,1672.0,1692.76,8372675
2019-06-04 00:00:00-04:00,1699.24,1730.82,1680.89,1730.18,5141474
2019-06-05 00:00:00-04:00,1749.6,1752.0,1715.2513,1739.48,3781000
2019-06-06 00:00:00-04:00,1737.71,1759.99,1726.13,1754.6292,3355072
2019-06-07 00:00:00-04:00,1762.4,1806.2538,1759.49,1804.02,4065603
2019-06-10 00:00:00-04:00,1822.0,1884.87,1818.0,1860.63,4968998
2019-06-11 00:00:00-04:00,1883.25,1893.7,1858.0,1863.7,3629018
2019-06-12 00:00:00-04:00,1853.98,1865.0,1844.38,1855.3,2450925
2019-06-13 00:00:00-04:00,1866.72,1883.09,1862.22,1870.748,4993238
2019-06-14 00:00:00-04:00,1864.92,1876.0,1859.0,1870.17,4923087
2019-06-17 00:00:00-04:00,1876.5,1895.688,1875.45,1886.0,2397289
2019-06-18 00:00:00-04:00,1901.35,1921.67,1899.79,1902.15,3523736
2019-06-19 00:00:00-04:00,1907.84,1919.5807,1892.6223,1909.03,2565954
2019-06-20 00:00:00-04:00,1933.33,1935.2,1905.8,1917.95,2858789
2019-06-21 00:00:00-04:00,1912.5,1925.95,1907.58,1911.1,3243263
2019-06-24 00:00:00-04:00,1912.66,1916.86,1901.3,1913.96,1931200
2019-06-25 00:00:00-04:00,1911.84,1916.385,1872.42,1878.64,2712393
2019-06-26 00:00:00-04:00,1892.91,1903.8,1887.32,1897.75,2011515
2019-06-27 00:00:00-04:00,1902.0,1911.24,1898.04,1903.67,1923521
2019-06-28 00:00:00-04:00,1912.8,1912.8,1884.0,1889.83,2263386
2019-07-01 00:00:00-04:00,1922.98,1929.82,1914.66,1922.26,2917672
2019-07-02 00:00:00-04:00,1919.38,1934.79,1906.63,1934.79,2407604
2019-07-03 00:00:00-04:00,1935.89,1941.59,1930.5,1939.0,1475704
2019-07-05 00:00:00-04:00,1928.6,1945.9,1925.3,1943.1,2418081
2019-07-08 00:00:00-04:00,1934.12,1956.0,1928.2532,1952.33,2593566
2019-07-09 00:00:00-04:00,1947.88,1990.01,1943.475,1987.35,3966987
2019-07-10 00:00:00-04:00,1996.51,2024.94,1995.4,2017.77,4445939
2019-07-11 00:00:00-04:00,2025.62,2035.8,1995.3,2001.07,3957307
2019-07-12 00:00:00-04:00,2008.27,2017.0,2003.87,2010.02,2199931
2019-07-15 00:00:00-04:00,2021.4,2022.9,2001.55,2021.0,2598695
2019-07-16 00:00:00-04:00,2010.58,2026.3196,2001.22,2010.0,2356968
2019-07-17 00:00:00-04:00,2007.05,2012.0,1992.12,1992.16,2257978
2019-07-18 00:00:00-04:00,1980.01,1987.5,1951.55,1978.67,3163219
2019-07-19 00:00:00-04:00,1991.02,1996.0,1962.2255,1965.0,2898302
2019-07-22 00:00:00-04:00,1971.14,1989.0,1958.26,1985.92,2574102
2019-07-23 00:00:00-04:00,1995.99,1997.79,1973.13,1994.47,2309402
2019-07-24 00:00:00-04:00,1969.3,2001.2,1965.87,2001.04,2306251
2019-07-25 00:00:00-04:00,2001.0,2001.2,1972.72,1975.02,2871851
2019-07-26 00:00:00-04:00,1942.0,1950.895,1924.51,1943.05,4535583
2019-07-29 00:00:00-04:00,1930.0,1932.226,1890.54,1912.87,4140433
2019-07-30 00:00:00-04:00,1891.98,1909.89,1883.48,1899.22,2709016
2019-07-31 00:00:00-04:00,1898.11,1899.55,1849.44,1866.39,4056598
2019-08-01 00:00:00-04:00,1872.35,1897.92,1844.01,1855.33,4444048
2019-08-02 00:00:00-04:00,1845.07,1846.3634,1808.02,1823.52,3812376
2019-08-05 00:00:00-04:00,1771.26,1788.6678,1748.78,1765.13,5334410
2019-08-06 00:00:00-04:00,1791.0,1793.77,1753.4,1787.44,4598728
2019-08-07 00:00:00-04:00,1773.99,1798.93,1757.0,1793.39,4044619
2019-08-08 00:00:00-04:00,1806.0,1834.26,1798.11,1834.26,3268663
2019-08-09 00:00:00-04:00,1826.0,1831.091,1802.22,1807.88,2495170
2019-08-12 00:00:00-04:00,1795.99,1800.98,1777.0,1784.75,2510579
2019-08-13 00:00:00-04:00,1781.04,1831.7429,1780.0,1824.29,3656625
2019-08-14 00:00:00-04:00,1793.01,1795.6514,1757.215,1762.96,4353369
2019-08-15 00:00:00-04:00,1781.99,1788.0,1761.96,1775.41,3427389
2019-08-16 00:00:00-04:00,1792.89,1802.9082,1784.5496,1791.8,2767735
2019-08-19 00:00:00-04:00,1818.08,1826.0,1812.61,1816.83,2483931
2019-08-20 00:00:00-04:00,1814.5,1816.82,1799.88,1801.35,1677671
2019-08-21 00:00:00-04:00,1819.39,1829.5785,1815.0,1823.38,1852417
2019-08-22 00:00:00-04:00,1827.35,1829.4111,1800.1,1804.25,2284144
2019-08-23 00:00:00-04:00,1793.03,1804.8962,1745.23,1750.77,4622453
2019-08-26 00:00:00-04:00,1767.5,1770.0,1743.51,1770.0,2669759
2019-08-27 00:00:00-04:00,1775.73,1779.4,1746.68,1761.92,2491245
2019-08-28 00:00:00-04:00,1755.0,1767.86,1744.0505,1764.0,2220361
2019-08-29 00:00:00-04:00,1783.0,1798.55,1777.25,1786.46,2683039
2019-08-30 00:00:00-04:00,1797.49,1799.74,1764.57,1776.19,2577738
2019-09-03 00:00:00-04:00,1770.0,1800.8,1768.0,1789.51,3164026
2019-09-04 00:00:00-04:00,1805.0,1807.6309,1796.23,1800.46,2144301
2019-09-05 00:00:00-04:00,1821.84,1842.0,1815.575,1840.73,2970700
2019-09-06 00:00:00-04:00,1838.22,1840.65,1826.4,1833.51,2157266
2019-09-09 00:00:00-04:00,1841.0,1850.0,1824.61,1831.29,2632165
2019-09-10 00:00:00-04:00,1822.75,1825.81,1805.3356,1821.31,2202645
2019-09-11 00:00:00-04:00,1811.97,1833.42,1809.08,1822.49,2005996
2019-09-12 00:00:00-04:00,1838.1,1853.66,1834.28,1843.0,2521448
2019-09-13 00:00:00-04:00,1842.01,1846.1215,1835.17,1839.34,1645917
2019-09-16 00:00:00-04:00,1824.02,1825.6941,1800.2,1808.23,3214425
2019-09-17 00:00:00-04:00,1807.2,1823.99,1804.1,1822.62,1767317
2019-09-18 00:00:00-04:00,1818.13,1822.06,1795.5,1817.59,2250447
2019-09-19 00:00:00-04:00,1821.06,1832.57,1817.9,1821.54,1793657
2019-09-20 00:00:00-04:00,1821.71,1830.63,1780.92,1794.89,4714413
2019-09-23 00:00:00-04:00,1777.0,1792.7,1767.32,1784.29,2557364
2019-09-24 00:00:00-04:00,1790.605,1795.705,1735.545,1742.34,4199402
2019-09-25 00:00:00-04:00,1747.36,1773.0,1723.0,1768.08,3087299
2019-09-26 00:00:00-04:00,1762.79,1763.37,1731.5,1740.12,3136278
2019-09-27 00:00:00-04:00,1747.8,1749.12,1713.82,1725.85,3613379
2019-09-30 00:00:00-04:00,1726.99,1737.46,1709.22,1736.12,2300015
2019-10-01 00:00:00-04:00,1746.0,1755.6,1728.41,1736.11,2721128
2019-10-02 00:00:00-04:00,1727.74,1728.89,1705.0,1713.23,2954213
2019-10-03 00:00:00-04:00,1713.0,1725.0,1685.06,1724.25,3105457
2019-10-04 00:00:00-04:00,1726.06,1740.575,1719.23,1739.4,4348820
2019-10-07 00:00:00-04:00,1731.63,1747.83,1723.7,1732.5,3700680
2019-10-08 00:00:00-04:00,1722.49,1727.0,1705.0,1705.25,4559696
2019-10-09 00:00:00-04:00,1719.61,1729.95,1714.36,1721.79,3594275
2019-10-10 00:00:00-04:00,1725.0,1738.29,1713.75,1720.56,4724970
2019-10-11 00:00:00-04:00,1742.92,1745.45,1729.86,1729.98,5936898
2019-10-14 00:00:00-04:00,1728.69,1741.8887,1722.0,1736.5,3293125
2019-10-15 00:00:00-04:00,1742.14,1776.45,1740.62,1767.35,5739023
2019-10-16 00:00:00-04:00,1772.0,1786.24,1770.521,1777.42,4891217
2019-10-17 00:00:00-04:00,1796.0,1798.85,1782.02,1787.47,4695257
2019-10-18 00:00:00-04:00,1787.8,1793.98,1749.2001,1757.79,6127556
2019-10-21 00:00:00-04:00,1768.63,1785.88,1765.0,1785.835,1771449
2019-10-22 00:00:00-04:00,1788.15,1789.7799,1762.0,1765.34,1925469
2019-10-23 00:00:00-04:00,1761.3,1770.05,1742.0,1761.99,1920970
2019-10-24 00:00:00-04:00,1771.09,1788.3379,1760.27,1781.5935,2931765
2019-10-25 00:00:00-04:00,1697.55,1764.21,1695.0,1762.0,8773821
2019-10-28 00:00:00-04:00,1750.7,1778.7,1742.5,1777.04,3399815
2019-10-29 00:00:00-04:00,1775.0,1777.0,1755.81,1763.04,2063458
2019-10-30 00:00:00-04:00,1760.24,1782.38,1759.115,1780.0,2194972
2019-10-31 00:00:00-04:00,1775.99,1792.0,1771.4753,1777.1431,2375710
2019-11-01 00:00:00-04:00,1788.01,1797.445,1785.279,1791.47,2375327
2019-11-04 00:00:00-05:00,1801.5,1815.06,1801.01,1805.27,2513437
2019-11-05 00:00:00-05:00,1809.16,1810.25,1794.0,1801.7,1650756
2019-11-06 00:00:00-05:00,1801.0,1802.5,1788.58,1795.94,1790400
2019-11-07 00:00:00-05:00,1803.76,1805.9,1783.48,1788.2,2365870
2019-11-08 00:00:00-05:00,1787.89,1789.88,1774.04,1785.88,1930135
2019-11-11 00:00:00-05:00,1778.1,1780.0,1767.13,1771.9,1776035
2019-11-12 00:00:00-05:00,1774.66,1786.22,1771.91,1778.23,1830806
2019-11-13 00:00:00-05:00,1773.39,1775.0,1747.3217,1753.4,2777022
2019-11-14 00:00:00-05:00,1750.27,1766.5931,1749.56,1754.65,2017087
2019-11-15 00:00:00-05:00,1760.05,1761.68,1732.86,1739.08,3623321
2019-11-18 00:00:00-05:00,1738.3,1753.7,1722.71,1752.86,2585138
2019-11-19 00:00:00-05:00,1756.99,1760.68,1743.03,1753.16,1854190
2019-11-20 00:00:00-05:00,1749.14,1762.524,1734.12,1746.6335,2321723
2019-11-21 00:00:00-05:00,1743.0,1746.87,1730.36,1735.0,2377252
2019-11-22 00:00:00-05:00,1739.0,1746.43,1731.0,1745.85,2165005
2019-11-25 00:00:00-05:00,1753.25,1777.42,1753.24,1773.69,2906729
2019-11-26 00:00:00-05:00,1779.92,1797.03,1778.35,1796.99,2708603
2019-11-27 00:00:00-05:00,1801.0,1824.5,1797.31,1818.23,2769246
2019-11-29 00:00:00-05:00,1817.78,1823.98,1800.79,1800.96,1594416
2019-12-02 00:00:00-05:00,1804.0,1805.55,1762.68,1781.61,3420336
2019-12-03 00:00:00-05:00,1761.13,1772.87,1747.23,1770.33,3215969
2019-12-04 00:00:00-05:00,1774.01,1789.0894,1760.2201,1760.48,2387073
2019-12-05 00:00:00-05:00,1763.5,1763.5,1740.0,1740.48,2472575
2019-12-06 00:00:00-05:00,1752.33,1754.4,1740.13,1751.59,2739956
2019-12-09 00:00:00-05:00,1750.66,1766.8918,1745.61,1749.42,2123839
2019-12-10 00:00:00-05:00,1747.4,1750.67,1735.0,1739.49,2186409
2019-12-11 00:00:00-05:00,1741.67,1750.0,1735.7102,1748.9,1716841
2019-12-12 00:00:00-05:00,1750.7,1764.0,1745.44,1760.18,2695799
2019-12-13 00:00:00-05:00,1765.0,1768.99,1755.0,1760.93,2377943
2019-12-16 00:00:00-05:00,1767.0,1769.5,1757.05,1769.21,2730112
2019-12-17 00:00:00-05:00,1778.01,1792.0,1777.39,1790.66,3202975
2019-12-18 00:00:00-05:00,1795.45,1797.86,1782.36,1782.36,2834170
2019-12-19 00:00:00-05:00,1780.5,1792.99,1774.06,1792.29,1947166
2019-12-20 00:00:00-05:00,1799.64,1802.97,1782.45,1786.57,3782377
2019-12-23 00:00:00-05:00,1788.26,1793.0,1784.51,1793.0,1759437
2019-12-24 00:00:00-05:00,1793.81,1795.57,1787.575,1789.63,800738
2019-12-26 00:00:00-05:00,1801.2,1870.46,1799.5,1869.02,6125518
2019-12-27 00:00:00-05:00,1882.92,1901.4,1866.01,1869.26,5755838
2019-12-30 00:00:00-05:00,1874.0,1884.0,1840.62,1847.18,3444132
2019-12-31 00:00:00-05:00,1841.99,1853.26,1832.23,1847.64,2138549
2020-01-02 00:00:00-05:00,1874.79,1898.0,1864.15,1897.71,3583611
2020-01-03 00:00:00-05:00,1864.5,1886.1965,1864.5,1874.93,3293469
2020-01-06 00:00:00-05:00,1860.0,1903.69,1860.0,1903.33,3598872
2020-01-07 00:00:00-05:00,1904.5,1913.89,1892.0433,1906.86,3569706
2020-01-08 00:00:00-05:00,1898.68,1910.9999,1886.4448,1892.09,3100021
2020-01-09 00:00:00-05:00,1909.89,1917.82,1895.8038,1901.0,2913887
2020-01-10 00:00:00-05:00,1905.37,1906.94,1880.0,1882.98,2652859
2020-01-13 00:00:00-05:00,1891.31,1898.0,1880.8,1891.41,2515868
2020-01-14 00:00:00-05:00,1885.96,1887.11,1858.55,1869.2,3123178
2020-01-15 00:00:00-05:00,1872.13,1878.86,1855.09,1862.01,2658380
2020-01-16 00:00:00-05:00,1882.99,1885.59,1866.02,1877.95,2419044
2020-01-17 00:00:00-05:00,1885.89,1886.64,1857.25,1864.71,3437411
2020-01-21 00:00:00-05:00,1865.0,1894.27,1860.0,1892.55,5977747
2020-01-22 00:00:00-05:00,1896.09,1902.5,1883.34,1887.46,5797891
2020-01-23 00:00:00-05:00,1885.11,1889.975,1872.76,1884.58,4048982
2020-01-24 00:00:00-05:00,1890.28,1894.99,1847.44,1861.64,6851714
2020-01-27 00:00:00-05:00,1820.5,1841.0,1815.34,1828.89,3002750
2020-01-28 00:00:00-05:00,1840.5,1858.11,1830.02,1853.33,2356589
2020-01-29 00:00:00-05:00,1864.0,1874.75,1855.02,1858.0,1820096
2020-01-30 00:00:00-05:00,1858.0,1872.87,1850.61,1870.8896,3255311
2020-01-31 00:00:00-05:00,2051.47,2055.72,2002.27,2007.75,14449332
2020-02-03 00:00:00-05:00,2010.6,2048.5,2000.25,2003.25,5527745
2020-02-04 00:00:00-05:00,2029.81,2059.8,2015.37,2049.78,4958935
2020-02-05 00:00:00-05:00,2071.02,2071.02,2032.0,2039.62,3950987
2020-02-06 00:00:00-05:00,2041.02,2056.3,2024.8,2050.37,2827062
2020-02-07 00:00:00-05:00,2041.99,2098.53,2038.1,2079.21,4794674
2020-02-10 00:00:00-05:00,2085.01,2135.6,2084.96,2134.55,4671496
2020-02-11 00:00:00-05:00,2150.9,2185.95,2136.0,2152.27,5584290
2020-02-12 00:00:00-05:00,2163.95,2180.2495,2155.29,2161.34,3101082
2020-02-13 00:00:00-05:00,2146.0,2170.28,2142.0,2151.12,2688038
2020-02-14 00:00:00-05:00,2155.68,2159.0352,2125.89,2135.48,2362540
2020-02-18 00:00:00-05:00,2127.98,2166.07,2124.105,2155.67,2674865
2020-02-19 00:00:00-05:00,2167.8,2185.1,2161.12,2170.21,2261147
2020-02-20 00:00:00-05:00,2172.67,2176.79,2127.45,2153.59,2908965
2020-02-21 00:00:00-05:00,2141.0,2144.55,2088.0,2095.97,4363040
2020-02-24 00:00:00-05:00,2003.18,2039.295,1987.9742,2008.74,6047539
2020-02-25 00:00:00-05:00,2026.42,2034.6,1958.42,1970.65,5858950
2020-02-26 00:00:00-05:00,1970.01,2014.67,1960.45,1979.61,4906059
2020-02-27 00:00:00-05:00,1934.38,1975.0,1882.7621,1882.88,7600123
2020-02-28 00:00:00-05:00,1814.63,1889.76,1811.129,1889.18,8494919
2020-03-02 00:00:00-05:00,1905.26,1954.51,1870.0,1954.0,6115818
2020-03-03 00:00:00-05:00,1973.0,1996.33,1888.0901,1908.88,6986980
2020-03-04 00:00:00-05:00,1946.57,1978.0,1922.0,1976.46,4261291
2020-03-05 00:00:00-05:00,1933.0,1960.72,1910.0,1924.03,4275800
2020-03-06 00:00:00-05:00,1875.0,1910.87,1869.5,1901.14,4771029
2020-03-09 00:00:00-04:00,1768.6001,1862.77,1761.29,1800.01,13436736
2020-03-10 00:00:00-04:00,1870.0,1894.27,1818.17,1894.0,6442309
2020-03-11 00:00:00-04:00,1857.85,1871.3195,1801.5,1819.63,5114340
2020-03-12 00:00:00-04:00,1721.98,1765.0,1675.0,1676.21,10301824
2020-03-13 00:00:00-04:00,1755.0,1786.31,1680.62,1786.31,7834519
2020-03-16 00:00:00-04:00,1642.0,1759.4519,1626.0319,1688.0,8030027
2020-03-17 00:00:00-04:00,1776.0,1857.775,1689.2402,1807.38,20134204
2020-03-18 00:00:00-04:00,1750.0,1841.66,1745.0,1832.39,7949578
2020-03-19 00:00:00-04:00,1858.33,1945.0,1832.65,1880.5,9312968
2020-03-20 00:00:00-04:00,1925.0,1957.0,1820.73,1846.09,9098838
2020-03-23 00:00:00-04:00,1827.75,1919.4,1812.0,1902.54,7171193
2020-03-24 00:00:00-04:00,1951.31,1955.0,1900.3403,1940.0,6411717
2020-03-25 00:00:00-04:00,1920.69,1950.26,1885.78,1885.78,5985263
2020-03-26 00:00:00-04:00,1902.0,1956.49,1889.29,1955.225,5377163
2020-03-27 00:00:00-04:00,1931.0,1939.79,1899.92,1899.92,4672178
2020-03-30 00:00:00-04:00,1922.48,1973.63,1912.34,1964.78,5244822
2020-03-31 00:00:00-04:00,1964.35,1993.02,1944.01,1949.79,4471543
2020-04-01 00:00:00-04:00,1933.0,1944.96,1893.0,1906.58,3729348
2020-04-02 00:00:00-04:00,1901.64,1927.5258,1890.0,1918.83,8042698
2020-04-03 00:00:00-04:00,1911.15,1926.33,1889.15,1906.6,3159348
2020-04-06 00:00:00-04:00,1936.0,1998.52,1930.02,1998.49,5120376
2020-04-07 00:00:00-04:00,2017.26,2035.72,1997.62,2011.6,4710631
2020-04-08 00:00:00-04:00,2021.0,2044.0,2011.15,2042.9,3693156
2020-04-09 00:00:00-04:00,2046.0,2053.0,2017.66,2042.82,4188295
2020-04-13 00:00:00-04:00,2039.87,2180.0,2038.0,2168.01,6310824
2020-04-14 00:00:00-04:00,2200.47,2292.0,2186.21,2283.31,15168337
2020-04-15 00:00:00-04:00,2257.68,2333.369,2245.0,2309.27,12634637
2020-04-16 00:00:00-04:00,2346.0,2460.998,2335.0,2408.19,33024507
2020-04-17 00:00:00-04:00,2372.33,2400.0,2316.02,2372.87,27969629
2020-04-20 00:00:00-04:00,2389.95,2444.98,2386.05,2393.08,15428327
2020-04-21 00:00:00-04:00,2416.61,2428.3098,2279.66,2329.36,20725717
2020-04-22 00:00:00-04:00,2369.0,2394.0,2351.0,2366.54,13904142
2020-04-23 00:00:00-04:00,2399.98,2424.22,2382.08,2399.44,8913313
2020-04-24 00:00:00-04:00,2417.0,2420.433,2382.0,2410.0,10481568
2020-04-27 00:00:00-04:00,2443.2,2444.88,2363.0,2376.82,10185891
2020-04-28 00:00:00-04:00,2372.1,2373.5,2306.0,2314.08,4643171
2020-04-29 00:00:00-04:00,2330.01,2391.89,2310.0,2371.88,7930384
2020-04-30 00:00:00-04:00,2419.84,2471.5,2396.01,2471.5,6873149
2020-05-01 00:00:00-04:00,2336.8,2362.44,2258.1902,2285.94,18176321
2020-05-04 00:00:00-04:00,2256.38,2326.98,2256.38,2315.99,4478248
2020-05-05 00:00:00-04:00,2340.0,2351.0,2307.125,2317.64,5909618
2020-05-06 00:00:00-04:00,2329.44,2357.45,2320.0,2350.97,2897787
2020-05-07 00:00:00-04:00,2374.78,2376.0,2343.11,2367.61,5882764
2020-05-08 00:00:00-04:00,2372.14,2387.2449,2357.0,2379.5,2751843
2020-05-11 00:00:00-04:00,2374.7,2419.665,2372.11,2406.9375,2942003
2020-05-12 00:00:00-04:00,2411.85,2419.0,2355.61,2357.505,5466390
2020-05-13 00:00:00-04:00,2366.8,2407.7,2337.805,2366.17,4474923
2020-05-14 00:00:00-04:00,2361.01,2391.37,2353.21,2391.37,3179099
2020-05-15 00:00:00-04:00,2368.52,2411.0,2356.37,2410.41,3788139
2020-05-18 00:00:00-04:00,2404.3457,2433.0,2384.01,2426.38,8093054
2020-05-19 00:00:00-04:00,2429.83,2484.995,2428.97,2448.59,4098905
2020-05-20 00:00:00-04:00,2477.87,2500.01,2467.27,2497.35,7341200
2020-05-21 00:00:00-04:00,2500.0,2525.45,2442.54,2448.01,9538349
2020-05-22 00:00:00-04:00,2455.01,2469.85,2430.13,2436.89,5253352
2020-05-26 00:00:00-04:00,2458.0,2462.0,2414.06,2423.7,3153936
2020-05-27 00:00:00-04:00,2404.99,2413.58,2330.0,2409.51,4754020
2020-05-28 00:00:00-04:00,2384.33,2436.97,2378.23,2401.05,2866537
2020-05-29 00:00:00-04:00,2415.94,2439.0,2398.1973,2436.53,5483326
2020-06-01 00:00:00-04:00,2448.0,2476.93,2444.17,2470.12,5441594
2020-06-02 00:00:00-04:00,2467.0,2473.53,2445.31,2473.3,4430214
2020-06-03 00:00:00-04:00,2468.01,2488.0,2461.17,2478.4,4700140
2020-06-04 00:00:00-04:00,2477.43,2507.54,2450.01,2460.6,5957350
2020-06-05 00:00:00-04:00,2444.51,2488.645,2437.13,2481.415,2821697
2020-06-08 00:00:00-04:00,2500.2,2530.0,2487.335,2522.8,3362615
2020-06-09 00:00:00-04:00,2529.44,2626.43,2525.0,2603.39,9564493
2020-06-10 00:00:00-04:00,2645.0,2722.35,2626.26,2648.16,9144811
2020-06-11 00:00:00-04:00,2603.5,2671.38,2536.23,2558.47,5177179
2020-06-12 00:00:00-04:00,2601.21,2621.4766,2566.0,2566.705,2752912
2020-06-15 00:00:00-04:00,2526.6,2584.0,2508.0,2572.62,6856018
2020-06-16 00:00:00-04:00,2620.0,2620.0,2576.0,2615.13,3175918
2020-06-17 00:00:00-04:00,2647.5,2655.0,2631.82,2641.72,5090473
2020-06-18 00:00:00-04:00,2647.01,2659.64,2636.11,2655.0,2114206
2020-06-19 00:00:00-04:00,2678.08,2697.43,2659.0,2671.86,8507797
2020-06-22 00:00:00-04:00,2684.5,2713.98,2669.0,2712.0,2754781
2020-06-23 00:00:00-04:00,2726.02,2783.11,2718.04,2764.42,3945888
2020-06-24 00:00:00-04:00,2780.0,2796.0,2721.0,2733.49,4148702
2020-06-25 00:00:00-04:00,2739.55,2756.23,2712.14,2756.16,2695963
2020-06-26 00:00:00-04:00,2775.056,2782.5688,2688.0,2692.87,5446380
2020-06-29 00:00:00-04:00,2690.01,2696.8,2630.08,2681.52,3895727
2020-06-30 00:00:00-04:00,2685.065,2769.63,2675.03,2756.09,3188724
2020-07-01 00:00:00-04:00,2757.99,2895.0,2754.0,2879.2,6112148
2020-07-02 00:00:00-04:00,2912.01,2955.56,2871.102,2887.56,6173373
2020-07-06 00:00:00-04:00,2934.97,3059.88,2930.0,3057.16,6493685
2020-07-07 00:00:00-04:00,3058.55,3069.55,2990.0,3000.12,4875944
2020-07-08 00:00:00-04:00,3022.61,3083.97,3012.4302,3081.88,4687637
2020-07-09 00:00:00-04:00,3115.99,3193.88,3074.0017,3183.81,6101864
2020-07-10 00:00:00-04:00,3191.76,3215.0,3135.7,3203.36,5135404
2020-07-13 00:00:00-04:00,3251.06,3344.29,3068.3901,3101.55,7304358
2020-07-14 00:00:00-04:00,3089.0,3127.38,2950.0,3084.02,6842135
2020-07-15 00:00:00-04:00,3080.23,3098.35,2973.1802,3008.87,5493280
2020-07-16 00:00:00-04:00,2971.06,3032.0,2918.23,2994.55,5979324
2020-07-17 00:00:00-04:00,3009.0,3024.0,2948.45,2961.47,4387781
2020-07-20 00:00:00-04:00,3000.2,3201.3599,2994.017,3195.01,7081997
2020-07-21 00:00:00-04:00,3232.49,3240.5757,3105.72,3141.43,5766866
2020-07-22 00:00:00-04:00,3125.0,3150.0,3065.26,3100.23,3731096
2020-07-23 00:00:00-04:00,3098.2712,3098.2712,2977.9639,2987.725,3491415
2020-07-24 00:00:00-04:00,2930.0,3031.58,2888.0,3008.92,5356527
2020-07-27 00:00:00-04:00,3062.0,3098.0,3015.77,3053.89,3843776
2020-07-28 00:00:00-04:00,3054.27,3077.0925,2995.76,2999.62,2874548
2020-07-29 00:00:00-04:00,3030.99,3039.1592,2996.77,3034.27,2761363
2020-07-30 00:00:00-04:00,3014.0,3092.0,3005.0,3052.65,4619962
2020-07-31 00:00:00-04:00,3244.0,3246.82,3151.0,3164.68,7390222
2020-08-03 00:00:00-04:00,3180.51,3184.0,3104.0,3111.42,3755142
2020-08-04 00:00:00-04:00,3101.21,3167.24,3101.21,3138.82,4498038
2020-08-05 00:00:00-04:00,3143.77,3213.586,3127.3,3205.83,3729635
2020-08-06 00:00:00-04:00,3194.36,3247.47,3165.43,3224.35,3776929
2020-08-07 00:00:00-04:00,3224.01,3240.81,3140.6726,3165.75,3698110
2020-08-10 00:00:00-04:00,3134.66,3155.33,3101.52,3149.87,2275412
2020-08-11 00:00:00-04:00,3113.2,3159.22,3073.0,3080.67,3384016
2020-08-12 00:00:00-04:00,3108.0,3174.385,3101.42,3161.0,3099388
2020-08-13 00:00:00-04:00,3182.99,3217.521,3155.0,3161.02,2859738
2020-08-14 00:00:00-04:00,3178.18,3178.2356,3120.0,3148.0,2453638
2020-08-17 00:00:00-04:00,3173.12,3194.97,3154.1775,3181.16,2307380
2020-08-18 00:00:00-04:00,3212.0,3320.0,3205.8186,3312.49,5011644
2020-08-19 00:00:00-04:00,3303.01,3315.9,3256.0,3260.15,3836717
2020-08-20 00:00:00-04:00,3252.0,3312.62,3238.0,3296.05,3010116
2020-08-21 00:00:00-04:00,3295.0,3314.3962,3275.39,3284.59,3298563
2020-08-24 00:00:00-04:00,3310.15,3380.315,3257.5608,3307.45,4293678
2020-08-25 00:00:00-04:00,3294.99,3357.4,3267.0,3346.05,3781529
2020-08-26 00:00:00-04:00,3351.11,3451.7388,3344.5674,3442.06,6420990
2020-08-27 00:00:00-04:00,3450.05,3453.0,3378.0,3400.7,3948873
2020-08-28 00:00:00-04:00,3423.0,3433.3699,3386.5,3401.8,2555139
2020-08-31 00:00:00-04:00,3408.99,3495.0,3405.0,3441.91,3853016
2020-09-01 00:00:00-04:00,3489.58,3513.87,3467.0,3500.47,3176312
2020-09-02 00:00:00-04:00,3547.0,3552.25,3486.685,3529.34,3607645
2020-09-03 00:00:00-04:00,3485.0,3488.41,3303.0,3369.17,7553385
2020-09-04 00:00:00-04:00,3318.0,3381.5,3111.13,3294.62,8364379
2020-09-08 00:00:00-04:00,3144.0,3250.845,3130.0,3149.84,5531793
2020-09-09 00:00:00-04:00,3202.99,3303.175,3185.0,3268.27,4679433
2020-09-10 00:00:00-04:00,3336.52,3349.89,3170.55,3176.12,4143393
2020-09-11 00:00:00-04:00,3208.69,3217.3408,3083.98,3117.28,4802863
2020-09-14 00:00:00-04:00,3172.9373,3187.39,3096.0,3102.97,4155895
2020-09-15 00:00:00-04:00,3136.16,3175.02,3108.92,3153.28,3623915
2020-09-16 00:00:00-04:00,3179.99,3187.238,3074.15,3077.14,4013159
2020-09-17 00:00:00-04:00,3009.25,3029.432,2972.55,3010.56,5878006
2020-09-18 00:00:00-04:00,3031.74,3037.8,2905.54,2952.64,7048417
2020-09-21 00:00:00-04:00,2906.5,2962.0,2871.0,2962.0,5556010
2020-09-22 00:00:00-04:00,3033.835,3133.99,3000.2,3129.0,6434345
2020-09-23 00:00:00-04:00,3120.43,3126.999,2992.376,2997.44,5139526
2020-09-24 00:00:00-04:00,2977.79,3069.3,2965.0,3018.58,5243062
2020-09-25 00:00:00-04:00,3054.86,3101.54,2999.0,3094.65,4132029
2020-09-28 00:00:00-04:00,3148.85,3175.04,3117.1685,3175.04,3460095
2020-09-29 00:00:00-04:00,3175.39,3188.26,3132.54,3142.92,2988446
2020-09-30 00:00:00-04:00,3141.14,3212.88,3133.99,3147.425,4021286
2020-10-01 00:00:00-04:00,3208.0,3224.0,3172.0,3222.01,4447323
2020-10-02 00:00:00-04:00,3153.63,3195.7964,3123.0,3125.93,4742517
2020-10-05 00:00:00-04:00,3145.84,3202.53,3140.85,3199.2,3257694
2020-10-06 00:00:00-04:00,3165.0,3182.0,3090.0,3099.29,4281272
2020-10-07 00:00:00-04:00,3135.0,3200.0,3132.385,3192.51,3910789
2020-10-08 00:00:00-04:00,3225.0,3233.2944,3174.99,3190.55,2837992
2020-10-09 00:00:00-04:00,3210.0,3288.99,3197.83,3287.82,4342333
2020-10-12 00:00:00-04:00,3349.94,3496.24,3339.55,3442.93,7483386
2020-10-13 00:00:00-04:00,3467.09,3492.38,3424.217,3442.64,4939710
2020-10-14 00:00:00-04:00,3448.9,3464.88,3340.0,3363.05,5167878
2020-10-15 00:00:00-04:00,3292.01,3355.88,3280.0,3338.62,4399240
2020-10-16 00:00:00-04:00,3362.64,3399.6606,3160.0,3160.0,5426210
2020-10-19 00:00:00-04:00,3299.61,3329.0,3192.735,3207.3,4104388
2020-10-20 00:00:00-04:00,3222.28,3266.0,3192.01,3216.26,3900027
2020-10-21 00:00:00-04:00,3206.26,3233.875,3160.0,3183.6,3568927
2020-10-22 00:00:00-04:00,3188.41,3198.75,3121.955,3177.4,3584321
2020-10-23 00:00:00-04:00,3189.48,3205.33,3140.0,3204.64,3013885
2020-10-26 00:00:00-04:00,3199.63,3282.98,3153.3,3207.32,5228634
2020-10-27 00:00:00-04:00,3224.94,3291.66,3211.3,3287.92,3742219
2020-10-28 00:00:00-04:00,3249.29,3264.02,3162.47,3162.49,4840893
2020-10-29 00:00:00-04:00,3201.27,3257.25,3164.0,3212.79,5352688
2020-10-30 00:00:00-04:00,3157.75,3167.004,3019.0,3036.13,7556383
2020-11-02 00:00:00-05:00,3061.74,3079.705,2950.395,3004.48,6469197
2020-11-03 00:00:00-05:00,3018.53,3074.9,2980.98,3046.25,4399819
2020-11-04 00:00:00-05:00,3159.99,3244.85,3139.73,3241.16,5771116
2020-11-05 00:00:00-05:00,3319.97,3366.8,3288.88,3322.0,4939019
2020-11-06 00:00:00-05:00,3304.64,3322.0,3232.0,3310.41,4119260
2020-11-09 00:00:00-05:00,3231.03,3289.0,3112.1057,3141.34,5888038
2020-11-10 00:00:00-05:00,3095.02,3114.0,3019.483,3035.18,5767971
2020-11-11 00:00:00-05:00,3061.78,3139.145,3050.0,3136.81,3575504
2020-11-12 00:00:00-05:00,3159.95,3175.88,3086.05,3110.2,3797585
2020-11-13 00:00:00-05:00,3122.0,3141.7227,3085.39,3134.09,3101035
2020-11-16 00:00:00-05:00,3093.2,3142.7,3072.685,3132.99,3314168
2020-11-17 00:00:00-05:00,3183.5444,3189.25,3135.26,3135.66,2931983
2020-11-18 00:00:00-05:00,3134.0,3140.0,3105.1,3105.1,2625670
2020-11-19 00:00:00-05:00,3105.31,3125.0,3080.92,3114.41,2667000
2020-11-20 00:00:00-05:00,3117.02,3132.89,3098.0457,3099.205,2850532
2020-11-23 00:00:00-05:00,3116.6985,3139.745,3065.46,3100.18,4234476
2020-11-24 00:00:00-05:00,3100.5,3134.25,3086.258,3116.86,3305787
2020-11-25 00:00:00-05:00,3141.87,3198.0,3140.26,3184.82,3478095
2020-11-27 00:00:00-05:00,3211.26,3216.19,3190.05,3195.95,2179416
2020-11-30 00:00:00-05:00,3208.48,3228.39,3125.55,3168.03,3492689
2020-12-01 00:00:00-05:00,3188.5,3248.95,3157.18,3220.08,4192750
2020-12-02 00:00:00-05:00,3221.65,3232.0,3173.26,3203.75,2776516
2020-12-03 00:00:00-05:00,3205.46,3228.64,3181.31,3188.66,2578482
2020-12-04 00:00:00-05:00,3198.21,3198.21,3158.76,3163.49,2651712
2020-12-07 00:00:00-05:00,3156.48,3180.76,3141.69,3158.77,2291149
2020-12-08 00:00:00-05:00,3158.9,3184.13,3120.02,3176.64,2985433
2020-12-09 00:00:00-05:00,3167.89,3174.43,3088.0,3101.35,3743779
2020-12-10 00:00:00-05:00,3088.99,3142.1,3076.0,3100.07,2616777
2020-12-11 00:00:00-05:00,3096.66,3118.67,3072.82,3116.41,2829892
2020-12-14 00:00:00-05:00,3143.0,3190.47,3126.0,3156.97,3595275
2020-12-15 00:00:00-05:00,3181.01,3188.5,3130.49,3166.45,2911200
2020-12-16 00:00:00-05:00,3176.01,3247.0,3163.68,3240.96,3845903
2020-12-17 00:00:00-05:00,3250.0,3263.51,3221.0,3237.015,3037171
2020-12-18 00:00:00-05:00,3243.99,3249.42,3171.6,3201.07,4186849
2020-12-21 00:00:00-05:00,3200.01,3226.9666,3166.0,3205.74,3242075
2020-12-22 00:00:00-05:00,3202.8435,3222.0,3180.08,3206.52,2098711
2020-12-23 00:00:00-05:00,3205.0,3210.13,3184.17,3186.73,1836532
2020-12-24 00:00:00-05:00,3193.9,3202.0,3169.0,3171.16,1379521
2020-12-28 00:00:00-05:00,3194.0,3304.0,3172.69,3283.96,5387557
2020-12-29 00:00:00-05:00,3309.94,3350.65,3281.223,3320.71,4605698
2020-12-30 00:00:00-05:00,3341.0,3342.1,3282.47,3285.85,2897643
2020-12-31 00:00:00-05:00,3275.0,3282.9219,3241.2,3256.41,2636124
2021-01-04 00:00:00-05:00,3270.0,3272.0,3144.02,3186.65,3974073
2021-01-05 00:00:00-05:00,3166.01,3223.38,3165.06,3218.51,2325459
2021-01-06 00:00:00-05:00,3146.48,3197.509,3131.16,3138.01,3919285
2021-01-07 00:00:00-05:00,3157.0,3208.542,3155.0,3161.41,2951339
2021-01-08 00:00:00-05:00,3180.0,3190.64,3142.2,3182.7,3261271
2021-01-11 00:00:00-05:00,3148.01,3156.384,3110.0,3115.75,3263070
2021-01-12 00:00:00-05:00,3120.0,3142.1418,3086.0,3120.88,3009716
2021-01-13 00:00:00-05:00,3128.44,3189.95,3122.08,3166.24,2985766
2021-01-14 00:00:00-05:00,3167.52,3178.0,3120.59,3129.32,2668943
2021-01-15 00:00:00-05:00,3123.02,3142.545,3095.17,3104.54,3703097
2021-01-19 00:00:00-05:00,3107.0,3145.0,3096.0,3121.0,2780438
2021-01-20 00:00:00-05:00,3181.99,3279.8,3175.0,3264.73,4777430
2021-01-21 00:00:00-05:00,3293.0,3348.55,3289.5674,3307.21,4330235
2021-01-22 00:00:00-05:00,3304.31,3321.91,3283.1643,3290.0,2377222
2021-01-25 00:00:00-05:00,3328.5,3363.89,3243.1462,3293.1,3353964
2021-01-26 00:00:00-05:00,3296.356,3338.0,3282.87,3326.12,2616245
2021-01-27 00:00:00-05:00,3341.49,3346.52,3207.08,3234.98,4066864
2021-01-28 00:00:00-05:00,3235.04,3301.68,3228.69,3239.7,2742821
2021-01-29 00:00:00-05:00,3230.0,3236.99,3184.55,3206.31,2855494
2021-02-01 00:00:00-05:00,3242.36,3350.26,3235.025,3342.88,3734204
2021-02-02 00:00:00-05:00,3380.0,3427.74,3361.125,3383.23,5024907
2021-02-03 00:00:00-05:00,3425.01,3434.0,3308.62,3311.26,6445905
2021-02-04 00:00:00-05:00,3330.0,3347.0,3277.75,3330.84,3481246
2021-02-05 00:00:00-05:00,3319.0,3377.0,3302.71,3352.49,3369086
2021-02-08 00:00:00-05:00,3358.5,3365.0,3304.0,3323.49,3032558
2021-02-09 00:00:00-05:00,3312.49,3338.0,3297.84,3305.0,2046628
2021-02-10 00:00:00-05:00,3314.0,3317.9548,3254.0,3286.59,2828767
2021-02-11 00:00:00-05:00,3292.0,3292.0,3248.06,3261.65,2137817
2021-02-12 00:00:00-05:00,3250.0,3280.25,3233.31,3278.38,2090930
2021-02-16 00:00:00-05:00,3254.05,3308.3,3253.591,3267.05,2271010
2021-02-17 00:00:00-05:00,3263.6,3320.91,3259.4995,3307.8,3098210
2021-02-18 00:00:00-05:00,3282.42,3338.0,3273.94,3329.43,2760173
2021-02-19 00:00:00-05:00,3328.23,3333.5,3245.75,3251.0,3926662
2021-02-22 00:00:00-05:00,3208.13,3232.3198,3172.26,3182.39,3060818
2021-02-23 00:00:00-05:00,3127.03,3204.73,3093.6,3195.65,4308229
2021-02-24 00:00:00-05:00,3166.75,3171.23,3125.38,3159.53,2674277
2021-02-25 00:00:00-05:00,3136.74,3178.26,3047.76,3057.16,4060542
2021-02-26 00:00:00-05:00,3095.2,3122.44,3036.7,3092.349,3796445
2021-03-01 00:00:00-05:00,3127.89,3149.56,3097.99,3146.61,2457512
2021-03-02 00:00:00-05:00,3143.47,3163.52,3087.12,3095.99,2354430
2021-03-03 00:00:00-05:00,3081.18,3107.775,2995.0,3005.01,3619826
2021-03-04 00:00:00-05:00,3012.0,3058.13,2945.43,2977.04,5291821
2021-03-05 00:00:00-05:00,3005.0,3009.0,2881.0,3000.45,5094668
2021-03-08 00:00:00-05:00,3015.0,3064.59,2951.31,2951.951,3754633
2021-03-09 00:00:00-05:00,3017.99,3090.96,3005.1475,3062.67,3452858
2021-03-10 00:00:00-05:00,3098.45,3116.46,3030.05,3057.64,2678924
2021-03-11 00:00:00-05:00,3104.01,3131.7842,3082.93,3116.48,2494485
2021-03-12 00:00:00-05:00,3075.0,3098.98,3045.5,3091.23,2187125
2021-03-15 00:00:00-04:00,3074.57,3082.24,3032.09,3081.42,2584085
2021-03-16 00:00:00-04:00,3104.97,3128.91,3075.86,3092.42,2306176
2021-03-17 00:00:00-04:00,3073.22,3173.05,3070.22,3135.2,2832264
2021-03-18 00:00:00-04:00,3101.0,3116.63,3025.0,3027.99,3341991
2021-03-19 00:00:00-04:00,3029.23,3077.285,3016.63,3072.99,3524817
2021-03-22 00:00:00-04:00,3067.85,3126.58,3060.05,3111.37,2427729
2021-03-23 00:00:00-04:00,3126.9,3182.0,3120.85,3137.5,3194548
2021-03-24 00:00:00-04:00,3151.04,3160.31,3085.15,3087.17,2622965
2021-03-25 00:00:00-04:00,3072.91,3109.78,3037.14,3046.26,3205209
2021-03-26 00:00:00-04:00,3044.06,3056.66,2996.0,3053.14,2441802
2021-03-29 00:00:00-04:00,3055.4395,3091.25,3028.445,3076.76,2253856
2021-03-30 00:00:00-04:00,3070.0,3073.0,3034.0,3054.7,2060154
2021-03-31 00:00:00-04:00,3064.1,3119.33,3062.5,3095.65,2526462
2021-04-01 00:00:00-04:00,3116.35,3162.44,3115.55,3161.55,2642215
2021-04-05 00:00:00-04:00,3173.5,3235.955,3161.24,3225.26,2813107
2021-04-06 00:00:00-04:00,3223.75,3247.31,3217.04,3223.99,2095298
2021-04-07 00:00:00-04:00,3230.38,3303.6125,3223.65,3279.39,3070221
2021-04-08 00:00:00-04:00,3309.14,3324.5,3292.0,3299.99,2543206
2021-04-09 00:00:00-04:00,3303.01,3372.09,3288.9,3372.09,3934619
2021-04-12 00:00:00-04:00,3358.43,3395.04,3351.15,3379.39,2730031
2021-04-13 00:00:00-04:00,3402.0,3432.0,3395.63,3400.0,2965807
2021-04-14 00:00:00-04:00,3403.63,3404.13,3326.0,3334.4,2601737
2021-04-15 00:00:00-04:00,3371.0,3397.0,3352.0,3378.89,2645364
2021-04-16 00:00:00-04:00,3381.63,3406.8,3355.59,3399.21,2726658
2021-04-19 00:00:00-04:00,3390.03,3435.9333,3360.16,3373.94,2353485
2021-04-20 00:00:00-04:00,3372.26,3382.99,3316.0,3334.68,2239818
2021-04-21 00:00:00-04:00,3316.34,3362.86,3303.8062,3361.52,1862645
2021-04-22 00:00:00-04:00,3372.89,3373.0,3301.45,3308.0676,2330967
2021-04-23 00:00:00-04:00,3319.1,3375.0,3308.5,3340.52,2624789
2021-04-26 00:00:00-04:00,3350.01,3428.45,3330.94,3408.96,4540005
2021-04-27 00:00:00-04:00,3443.37,3460.0,3398.01,3417.43,3437224
2021-04-28 00:00:00-04:00,3433.24,3489.88,3425.0,3461.12,4240027
2021-04-29 00:00:00-04:00,3503.99,3514.445,3435.0,3471.31,5461938
2021-04-30 00:00:00-04:00,3526.58,3554.0,3462.5,3470.02,6264077
2021-05-03 00:00:00-04:00,3484.73,3486.645,3372.7012,3386.49,5542250
2021-05-04 00:00:00-04:00,3349.88,3367.975,3272.13,3312.65,4966841
2021-05-05 00:00:00-04:00,3340.01,3354.695,3264.36,3271.17,3392998
2021-05-06 00:00:00-04:00,3270.02,3314.4,3247.2,3306.37,3929977
2021-05-07 00:00:00-04:00,3323.25,3330.89,3289.7,3289.7,4218696
2021-05-10 00:00:00-04:00,3281.5,3283.0,3190.0,3190.0,5417802
2021-05-11 00:00:00-04:00,3137.0,3238.0,3127.37,3223.11,4248691
2021-05-12 00:00:00-04:00,3186.59,3207.94,3133.1,3152.62,4381268
2021-05-13 00:00:00-04:00,3184.81,3203.84,3133.0,3162.0,3029349
2021-05-14 00:00:00-04:00,3185.0,3228.86,3183.0,3222.9,2662194
2021-05-17 00:00:00-04:00,3246.25,3292.75,3234.59,3271.79,3231235
2021-05-18 00:00:00-04:00,3293.17,3312.0,3230.37,3232.73,2501458
2021-05-19 00:00:00-04:00,3196.8,3234.75,3184.0,3231.95,2294558
2021-05-20 00:00:00-04:00,3247.59,3259.68,3236.18,3248.54,2183565
2021-05-21 00:00:00-04:00,3248.93,3256.6946,3197.01,3202.0,3554816
2021-05-24 00:00:00-04:00,3215.5,3257.95,3210.4993,3244.68,2070599
2021-05-25 00:00:00-04:00,3266.97,3279.82,3213.76,3259.05,2899982
2021-05-26 00:00:00-04:00,3273.37,3295.73,3258.51,3265.19,2018831
2021-05-27 00:00:00-04:00,3256.0,3260.355,3231.83,3232.06,1868534
2021-05-28 00:00:00-04:00,3244.81,3247.99,3219.7,3224.68,2057533
2021-06-01 00:00:00-04:00,3242.98,3250.98,3209.06,3218.65,2074039
2021-06-02 00:00:00-04:00,3222.01,3235.0,3208.0,3234.92,1679415
2021-06-03 00:00:00-04:00,3205.0,3214.435,3184.03,3187.94,2079219
2021-06-04 00:00:00-04:00,3212.58,3221.0,3198.81,3206.22,1955470
2021-06-07 00:00:00-04:00,3197.43,3208.0,3172.2,3199.31,1902157
2021-06-08 00:00:00-04:00,3222.9,3279.532,3218.01,3264.14,2929017
2021-06-09 00:00:00-04:00,3273.25,3297.58,3270.7,3281.22,2111734
2021-06-10 00:00:00-04:00,3282.01,3351.0,3281.15,3349.65,3100961
2021-06-11 00:00:00-04:00,3348.28,3366.58,3333.45,3346.83,2577429
2021-06-14 00:00:00-04:00,3346.83,3385.0,3335.5,3384.94,1873195
2021-06-15 00:00:00-04:00,3382.77,3396.9866,3363.11,3384.88,2120391
2021-06-16 00:00:00-04:00,3390.0,3426.35,3360.53,3414.78,3805704
2021-06-17 00:00:00-04:00,3403.3,3497.2,3401.0,3489.68,4570721
2021-06-18 00:00:00-04:00,3472.1,3507.0,3473.71,3486.37,4255946
2021-06-21 00:00:00-04:00,3476.7,3482.0,3434.0,3453.96,2800769
2021-06-22 00:00:00-04:00,3459.22,3523.7524,3456.01,3505.5,3030386
2021-06-23 00:00:00-04:00,3502.85,3521.0,3483.2,3503.51,2478952
2021-06-24 00:00:00-04:00,3507.95,3524.8599,3430.85,3449.08,3524467
2021-06-25 00:00:00-04:00,3463.4,3464.82,3394.18,3404.9,3353035
2021-06-28 00:00:00-04:00,3415.01,3448.0,3413.5098,3443.89,1928150
2021-06-29 00:00:00-04:00,3440.0,3456.03,3423.03,3449.48,1696088
2021-06-30 00:00:00-04:00,3443.0,3471.6018,3435.0,3440.29,1959873
2021-07-01 00:00:00-04:00,3436.0,3457.0,3409.4207,3432.98,1801106
2021-07-02 00:00:00-04:00,3451.5,3511.72,3436.92,3510.99,2711182
2021-07-06 00:00:00-04:00,3530.11,3685.48,3529.0,3675.72,6394617
2021-07-07 00:00:00-04:00,3716.3,3734.2,3678.91,3698.49,4908220
2021-07-08 00:00:00-04:00,3643.99,3759.9856,3621.12,3731.42,4779980
2021-07-09 00:00:00-04:00,3723.88,3748.0,3693.3967,3717.6802,3444757
2021-07-12 00:00:00-04:00,3743.5,3757.2898,3696.793,3718.52,2174155
2021-07-13 00:00:00-04:00,3702.95,3773.0781,3671.32,3678.85,3638087
2021-07-14 00:00:00-04:00,3709.91,3717.66,3660.8267,3683.61,2975117
2021-07-15 00:00:00-04:00,3692.69,3695.4,3620.92,3632.08,2929328
2021-07-16 00:00:00-04:00,3633.46,3646.0598,3570.455,3572.98,3774105
2021-07-19 00:00:00-04:00,3532.47,3550.21,3499.16,3550.0,3036693
2021-07-20 00:00:00-04:00,3566.1,3592.0,3518.0,3572.83,2828573
2021-07-21 00:00:00-04:00,3576.0,3586.45,3543.6416,3586.33,1934268
2021-07-22 00:00:00-04:00,3586.73,3640.02,3582.27,3638.01,3034223
2021-07-23 00:00:00-04:00,3641.31,3666.11,3622.04,3656.67,2192352
2021-07-26 00:00:00-04:00,3672.83,3712.08,3647.25,3700.0,2394859
2021-07-27 00:00:00-04:00,3698.75,3699.34,3586.15,3628.64,3801566
2021-07-28 00:00:00-04:00,3633.26,3658.4204,3601.0,3630.3035,2598854
2021-07-29 00:00:00-04:00,3625.53,3637.95,3580.01,3600.0542,3217230
2021-07-30 00:00:00-04:00,3347.74,3368.14,3306.98,3327.59,9183755
2021-08-02 00:00:00-04:00,3353.54,3358.92,3317.0,3331.69,2975068
2021-08-03 00:00:00-04:00,3341.27,3391.0,3299.77,3366.91,3880868
2021-08-04 00:00:00-04:00,3379.75,3388.88,3345.56,3354.71,1968989
2021-08-05 00:00:00-04:00,3356.63,3389.0,3340.92,3376.1,2164293
2021-08-06 00:00:00-04:00,3374.6,3375.0,3329.0374,3344.83,2382904
2021-08-09 00:00:00-04:00,3342.99,3354.88,3328.52,3341.33,1855088
2021-08-10 00:00:00-04:00,3346.03,3358.0,3315.0,3321.32,2216562
2021-08-11 00:00:00-04:00,3331.01,3337.7,3277.79,3292.22,2751447
2021-08-12 00:00:00-04:00,3292.68,3314.51,3269.67,3302.7,2060437
2021-08-13 00:00:00-04:00,3306.02,3306.065,3283.0,3293.96,1935404
2021-08-16 00:00:00-04:00,3285.36,3300.0,3211.13,3299.0,3161538
2021-08-17 00:00:00-04:00,3277.5,3280.49,3225.68,3241.96,3062266
2021-08-18 00:00:00-04:00,3241.97,3254.0974,3200.0,3201.21,2669493
2021-08-19 00:00:00-04:00,3196.76,3233.0,3182.4636,3186.47,3280697
2021-08-20 00:00:00-04:00,3196.98,3207.81,3175.76,3199.06,3021649
2021-08-23 00:00:00-04:00,3213.85,3280.9,3210.005,3265.97,2704932
2021-08-24 00:00:00-04:00,3281.0,3315.4941,3274.58,3306.04,2246936
2021-08-25 00:00:00-04:00,3311.0,3321.0,3286.15,3299.99,1457942
2021-08-26 00:00:00-04:00,3299.15,3332.0,3296.0,3315.47,1898916
2021-08-27 00:00:00-04:00,3332.51,3352.32,3313.75,3349.05,2033936
2021-08-30 00:00:00-04:00,3356.03,3445.0,3355.22,3421.14,2907146
2021-08-31 00:00:00-04:00,3424.94,3472.58,3395.59,3472.49,2915452
2021-09-01 00:00:00-04:00,3494.6,3527.0,3475.24,3479.58,3354386
2021-09-02 00:00:00-04:00,3495.0,3511.9607,3455.0,3463.4,2728552
2021-09-03 00:00:00-04:00,3453.55,3482.67,3436.44,3478.77,2363084
2021-09-07 00:00:00-04:00,3477.97,3528.09,3476.94,3509.14,2534415
2021-09-08 00:00:00-04:00,3511.99,3545.63,3495.67,3525.69,2732932
2021-09-09 00:00:00-04:00,3526.38,3549.99,3480.37,3485.3,2499697
2021-09-10 00:00:00-04:00,3497.0,3508.45,3462.9055,3470.39,2183227
2021-09-13 00:00:00-04:00,3485.99,3497.96,3438.0,3455.96,1996196
2021-09-14 00:00:00-04:00,3475.55,3486.806,3437.7104,3450.055,1639262
2021-09-15 00:00:00-04:00,3443.66,3485.42,3402.01,3475.38,2626210
2021-09-16 00:00:00-04:00,3459.0,3492.55,3446.1433,3488.56,2186117
2021-09-17 00:00:00-04:00,3491.17,3497.41,3452.13,3462.56,2987320
2021-09-20 00:00:00-04:00,3394.0,3419.0,3305.01,3356.13,3924391
2021-09-21 00:00:00-04:00,3377.72,3379.7,3332.39,3344.33,2543787
2021-09-22 00:00:00-04:00,3348.41,3389.0,3341.05,3381.1,2135549
2021-09-23 00:00:00-04:00,3383.01,3428.96,3380.05,3415.99,2148171
2021-09-24 00:00:00-04:00,3402.31,3429.26,3393.4,3426.563,1861700
2021-09-27 00:00:00-04:00,3374.01,3415.57,3339.61,3406.69,3254302
2021-09-28 00:00:00-04:00,3357.5,3369.19,3290.1,3315.96,3909414
2021-09-29 00:00:00-04:00,3326.02,3351.3,3297.87,3302.75,2306955
2021-09-30 00:00:00-04:00,3315.25,3327.85,3273.99,3286.61,2349154
2021-10-01 00:00:00-04:00,3289.01,3309.1746,3255.94,3283.17,2513022
2021-10-04 00:00:00-04:00,3278.75,3279.99,3176.25,3191.7,4034895
2021-10-05 00:00:00-04:00,3204.12,3260.73,3202.464,3220.99,2672848
2021-10-06 00:00:00-04:00,3213.53,3264.34,3198.62,3263.2,2186146
2021-10-07 00:00:00-04:00,3289.53,3325.746,3283.06,3302.43,2131959
2021-10-08 00:00:00-04:00,3316.08,3321.43,3288.2,3290.57,1708132
2021-10-11 00:00:00-04:00,3272.41,3292.5898,3238.1,3245.15,1825823
2021-10-12 00:00:00-04:00,3259.415,3267.528,3236.28,3247.33,1528207
2021-10-13 00:00:00-04:00,3269.0,3288.38,3261.0889,3285.0,1883098
2021-10-14 00:00:00-04:00,3303.33,3312.6,3290.78,3299.88,1689460
2021-10-15 00:00:00-04:00,3306.5,3410.42,3304.0,3409.23,4829856
2021-10-18 00:00:00-04:00,3387.38,3449.17,3385.1,3446.01,2752493
2021-10-19 00:00:00-04:00,3433.51,3454.69,3422.0,3444.47,2037937
2021-10-20 00:00:00-04:00,3452.99,3462.86,3400.37,3414.83,1893606
2021-10-21 00:00:00-04:00,3414.25,3440.28,3403.0,3435.01,1593944
2021-10-22 00:00:00-04:00,3421.25,3429.84,3331.3,3335.52,2761493
2021-10-25 00:00:00-04:00,3336.47,3347.7998,3297.7,3322.4,1894014
2021-10-26 00:00:00-04:00,3350.01,3416.12,3343.98,3375.89,2372879
2021-10-27 00:00:00-04:00,3389.83,3437.0,3371.4534,3393.325,2366378
2021-10-28 00:00:00-04:00,3400.43,3479.0,3386.0,3444.5,4040885
2021-10-29 00:00:00-04:00,3300.03,3374.82,3273.32,3372.43,5462617
2021-11-01 00:00:00-04:00,3366.04,3375.86,3292.02,3317.99,3317329
2021-11-02 00:00:00-04:00,3317.5,3331.115,3283.55,3313.17,2364950
2021-11-03 00:00:00-04:00,3310.46,3394.92,3297.52,3384.0,3051730
2021-11-04 00:00:00-04:00,3371.29,3498.625,3365.0,3477.04,5077538
2021-11-05 00:00:00-04:00,3478.05,3566.25,3476.98,3516.64,4575142
2021-11-08 00:00:00-05:00,3522.0,3579.0,3487.86,3487.89,2763443
2021-11-09 00:00:00-05:00,3515.75,3593.77,3501.425,3577.65,3802632
2021-11-10 00:00:00-05:00,3562.01,3605.45,3463.09,3482.1067,3695442
2021-11-11 00:00:00-05:00,3514.74,3543.24,3467.47,3472.46,2087255
2021-11-12 00:00:00-05:00,3488.89,3540.7263,3447.05,3525.97,2316171
2021-11-15 00:00:00-05:00,3538.045,3593.88,3525.81,3545.69,2370404
2021-11-16 00:00:00-05:00,3539.0,3576.5,3525.1465,3540.7,1878273
2021-11-17 00:00:00-05:00,3565.95,3587.245,3545.35,3548.86,2332560
2021-11-18 00:00:00-05:00,3565.37,3704.2,3561.0,3696.07,5321191
2021-11-19 00:00:00-05:00,3709.13,3762.145,3675.72,3676.82,4430795
2021-11-22 00:00:00-05:00,3675.32,3713.455,3567.5,3572.83,4350171
2021-11-23 00:00:00-05:00,3585.65,3621.05,3527.71,3580.56,3204323
2021-11-24 00:00:00-05:00,3562.45,3613.64,3536.85,3579.08,2083294
