AMZN,AMZN,AMZN,AMZN,AMZN,SPY,SPY,SPY,SPY,SPY,TSLA,TSLA,TSLA,TSLA,TSLA
open,high,low,close,volume,open,high,low,close,volume,open,high,low,close,volume
1682.7,1713.89,1678.06,1713.75,1844773,269.51,272.04,269.24,271.94,48149141,360.28,364.78,329.85,335.07,14936701
1723.96,1725.0,1692.48,1694.88,1224968,272.87,272.98,270.42,270.83,29950023,331.91,332.49,309.69,310.9247,9605990
1706.05,1710.69,1682.15,1699.56,1756136,272.16,273.18,270.96,273.09,41513039,313.76,314.39,296.22,309.11,13989015
1698.01,1715.27,1691.67,1711.01,1379167,273.14,275.84,272.715,275.37,47009612,304.9545,312.07,302.0,308.91,7097253
1723.76,1739.56,1716.23,1739.03,1575436,276.55,277.96,276.5,277.89,32603309,311.8553,318.52,308.0,318.29,5743049
1738.28,1750.0,1731.0,1743.35,1701145,278.41,279.01,278.08,278.82,38072685,324.56,327.6771,319.2,322.37,7098726
1737.35,1756.96,1734.0,1755.53,1707927,277.14,278.04,276.52,276.91,56481952,315.8,321.94,315.07,318.9,3737257
1764.95,1798.0,1762.18,1796.6,2695856,278.27,279.43,277.6,279.3,42796569,321.43,323.23,312.77,316.72,4399037
1803.93,1815.3,1795.23,1813.2,2518905,279.19,279.93,278.66,279.57,37014795,315.58,319.5849,309.25,318.8,4785549
1822.08,1841.95,1814.45,1822.49,3262549,279.64,279.803,278.84,279.35,30340942,311.71,315.16,306.25,310.19,6151554
1811.56,1851.69,1797.38,1844.0,3401698,278.47,280.91,278.41,280.5,39999168,308.81,324.74,308.5,322.67,5459321
1848.01,1858.88,1831.27,1842.47,2801302,280.59,281.18,280.06,281.05,30022719,325.0,325.5,316.25,324.0,4352952
1829.46,1841.0,1811.27,1813.68,2546481,280.31,280.74,279.46,280.01,44342606,316.33,323.54,314.01,320.23,4659445
1824.25,1834.84,1810.06,1813.68,2139385,279.76,280.48,279.5,279.74,43292444,321.23,323.24,311.7093,313.57,4065299
1815.0,1819.0,1769.99,1802.0,2107001,279.45,280.43,279.06,280.24,34039725,301.84,305.5,292.8601,303.2,8204781
1830.73,1840.0,1809.38,1829.28,2324523,281.79,282.56,280.63,281.57,46684350,304.4209,307.7171,292.5452,297.42,7452588
1829.3,1863.84,1822.64,1863.8,3333152,281.33,284.37,281.28,284.13,50868250,296.74,309.62,294.5025,308.73,5567873
1839.0,1844.68,1804.5,1805.22,5681651,283.21,284.11,283.09,283.29,38319472,304.85,310.7,303.6411,306.35,3519786
1876.05,1880.05,1806.53,1817.99,8768534,283.71,283.82,280.38,281.46,57211361,307.25,307.6933,295.3404,297.19,4277023
1827.33,1829.5,1766.02,1779.28,5352547,281.49,281.69,279.36,279.89,46935673,295.9,296.1,286.13,290.18,5158301
1786.49,1801.83,1739.32,1777.41,5382278,280.81,282.02,280.38,281.22,48645613,292.25,298.32,289.07,298.15,3748147
1784.0,1798.4365,1776.02,1797.05,3885543,281.56,282.13,280.1315,280.92,40627557,297.99,303.0,293.0,301.489,5542797
1788.77,1836.56,1786.0,1834.21,3880943,279.38,282.58,279.16,282.34,42491022,328.49,349.99,323.16,349.3898,17674152
1838.78,1841.0,1821.501,1822.93,2389567,282.53,283.65,282.33,283.64,34485363,347.81,355.0,342.53,348.3,10354676
1825.81,1847.77,1818.92,1847.68,2480210,283.56,284.99,283.2015,284.68,29906355,345.46,354.98,341.82,342.0,6660981
1854.53,1869.72,1846.27,1862.7,2596829,285.39,286.01,285.24,285.54,32455420,343.84,387.46,339.1501,379.58,24571707
1861.0,1891.51,1854.5,1886.52,3631508,285.39,285.91,284.94,285.42,29142601,368.8,382.64,367.12,370.38,17610717
1882.38,1914.57,1877.48,1898.13,3755811,285.53,285.97,284.915,285.06,24338809,365.83,367.01,345.73,352.26,12517790
1888.51,1899.5,1878.2125,1886.0,2710068,283.45,284.055,282.36,283.12,56622478,354.0,360.0,346.0,355.529,8902416
1898.5,1925.0,1893.67,1895.65,4399293,283.47,284.16,281.77,282.05,49247799,361.13,363.19,349.02,356.41,7572106
1919.39,1921.01,1900.0,1919.86,3654984,282.92,284.17,282.4833,283.86,32906829,358.45,359.1995,347.1,347.64,5255790
1909.55,1916.21,1869.79,1882.37,7188924,282.38,282.54,280.16,281.76,76384638,341.9059,344.49,332.14,338.76,6835061
1903.94,1905.0499,1883.5525,1887.47,3621475,283.4,285.04,283.36,284.1,49048421,339.91,342.28,333.82,335.45,4291063
1885.8,1888.0,1855.55,1882.22,3201138,283.83,285.5601,283.37,285.02,43630918,323.5,326.77,303.53,305.51,14358488
1890.57,1891.7465,1866.061,1877.24,2722850,285.57,285.97,285.06,285.71,27878971,291.7035,308.5,288.2,308.44,12242447
1880.0,1897.75,1874.405,1883.64,2861300,286.24,287.31,286.105,286.25,47719238,310.61,324.79,309.0,321.9,10077506
1876.64,1905.8,1876.64,1905.45,2945031,285.88,286.76,285.575,286.2,32602524,320.87,323.88,314.67,321.52,4813931
1907.17,1919.5,1900.76,1902.8,2409406,285.97,286.94,285.43,285.77,35732521,319.14,327.32,318.1,320.11,3955535
1910.51,1916.01,1902.54,1905.43,2488959,286.44,287.67,286.38,287.5,40945048,320.7,323.85,319.4,322.81,2749357
1915.0,1927.7,1906.01,1927.62,3336319,288.86,289.9,288.68,289.72,36802314,318.01,322.435,308.81,319.54,10187976
1937.73,1941.7771,1928.82,1933.0,2842250,290.3,290.4175,289.4,289.88,31369031,318.41,318.88,311.19,311.85,6176933
1953.45,1998.69,1948.94,1998.38,6159931,290.16,291.74,289.8854,291.47,38873854,310.27,311.85,303.69,304.88,5849149
1997.42,2025.57,1986.9,2002.22,7007660,290.94,291.36,289.63,290.24,46359182,302.26,304.6,297.72,303.135,5689793
2005.01,2022.38,2004.74,2013.83,2830739,289.84,290.81,289.29,290.22,41574725,302.0,305.3082,298.6,301.65,4138251
2026.5,2050.5,2013.0,2039.58,4420050,289.84,290.21,288.68,289.87,43756351,296.94,298.19,288.0,288.99,6422883
2038.11,2040.38,1989.89,1995.0,4249859,289.41,289.64,287.89,289.06,49432684,285.08,286.78,277.18,280.6987,5655214
2006.505,2007.5,1935.21,1958.365,5614278,289.15,289.49,287.0,288.2,50836252,284.8,291.17,278.88,281.0095,5679908
1938.71,1975.2,1937.35,1952.2,3472937,286.98,288.7,286.71,287.56,51317994,260.25,268.35,252.2548,263.24,16242828
1970.43,1973.04,1931.5157,1941.81,3100576,288.76,289.04,287.88,288.09,32357518,273.26,286.03,271.0,285.46,11348654
1928.27,1988.88,1917.0,1987.61,2715087,287.37,289.55,286.975,289.11,36335994,279.31,282.0,273.55,279.43,6899938
1994.0,2000.0,1962.44,1990.07,2985582,289.06,289.8,288.23,289.16,46644377,281.44,292.5,278.6463,290.56,7594078
2000.0,2008.76,1982.0277,1990.0,3280352,290.32,291.0384,289.995,290.82,38536035,288.27,295.0,285.18,289.42,4758415
1991.75,1993.0,1959.22,1970.19,3440333,291.06,291.27,290.0,290.9,37322600,288.74,297.3256,286.52,295.11,5120958
1952.865,1956.82,1887.41,1908.03,6821963,290.82,290.86,289.03,289.34,43382137,290.04,300.87,288.13,294.79,5176019
1917.5,1958.2,1916.01,1941.59,3024558,289.57,291.58,289.55,290.9,38573521,296.3,302.64,275.5,284.93,12923352
1940.5,1940.83,1904.9,1926.28,2180429,290.97,291.69,290.825,291.25,34596543,280.77,300.0,280.5,299.04,6156658
1943.1663,1955.0,1932.25,1944.3,2921514,292.64,293.94,292.51,293.55,54097569,303.56,305.98,293.33,298.32,5573331
1953.51,1957.31,1910.5011,1915.01,5370017,293.09,293.22,291.81,292.01,45805544,297.7,300.58,295.37,299.01,3408179
1898.59,1936.88,1865.0,1934.35,3642637,291.34,291.5,290.37,291.07,37585070,298.48,302.9993,293.58,299.73,3638324
1942.9,1975.91,1938.85,1974.55,2766623,291.53,291.65,290.4833,290.7,30128907,300.0,304.6,296.5,301.05,3401297
1968.3,1995.25,1961.52,1974.85,3223351,290.92,292.24,289.41,289.84,53536102,301.65,313.89,301.1093,309.5664,5964409
1989.6,2016.1564,1989.5,2012.98,4055435,290.44,291.91,290.1,290.65,42099964,312.9,314.96,306.91,307.46,3303572
2009.6628,2026.52,1996.4648,2002.57,3243297,289.99,291.28,289.95,290.61,49399177,270.26,278.0,260.555,264.72,25167046
2021.0,2033.19,2003.6,2004.36,2232245,292.13,292.93,290.98,291.67,45685920,305.49,311.44,301.05,310.3446,15258287
2000.6014,2013.39,1965.77,1970.0,4012791,291.56,292.355,291.14,291.57,36043833,314.0,316.84,299.15,300.9,8518600
1981.69,1989.7,1949.81,1952.76,4713942,292.72,293.21,291.32,291.78,44874126,303.33,304.6,291.57,295.03,6300641
1949.0,1956.0,1896.57,1910.32,5137287,291.18,291.24,287.66,289.47,85200164,293.95,294.0,277.67,281.84,7147210
1917.99,1929.08,1862.83,1889.58,5545721,289.69,290.27,286.22,287.89,77118851,274.61,274.88,260.0,261.99,13362410
1870.585,1901.9962,1830.6627,1864.42,7061322,287.04,288.22,285.5,287.8,67482921,264.26,267.7599,249.0,250.54,9900147
1861.0,1896.6759,1852.32,1870.32,4496453,287.39,288.86,286.77,287.43,58656443,255.25,266.77,253.3,262.81,9143892
1855.5332,1857.0,1754.41,1755.25,10503319,286.83,286.91,277.88,278.17,151494009,264.61,265.51,247.77,256.89,9657608
1725.01,1754.0,1685.1,1719.36,11936763,277.08,278.9,270.36,272.25,202752125,257.53,262.25,249.03,252.33,6000952
1795.905,1806.26,1742.53,1788.61,6314157,276.77,277.09,272.37,276.01,130243220,260.98,261.99,252.01,259.15,5270938
1793.4,1794.8438,1734.23,1760.95,5859434,275.55,277.04,274.3,274.48,75385132,259.06,263.28,254.5367,259.56,4827381
1783.5,1823.88,1761.55,1820.15,5481724,276.57,280.82,276.07,280.3,75057478,265.7,277.375,262.24,276.54,6957925
1832.03,1837.9916,1807.0,1831.73,4860411,280.44,281.15,277.56,280.4,81740972,282.4,282.7,265.8032,271.8,6442088
1819.738,1830.15,1767.87,1770.72,5609484,279.4,280.07,274.97,276.47,106592503,269.29,271.0,263.0,263.95,3977473
1785.0,1809.1,1753.0,1764.03,6486965,277.12,279.3,275.47,276.19,86816021,267.39,269.66,253.5,260.04,7016215
1784.0,1809.4999,1756.0,1789.005,4236373,277.0,277.36,274.41,275.06,64990700,260.68,261.86,252.59,260.94,3968574
1742.24,1776.34,1714.0,1768.25,4808949,270.94,274.87,268.61,273.54,113790534,263.87,297.93,262.1,294.26,13890784
1773.7,1777.71,1656.56,1659.63,5002212,273.33,273.76,264.7,265.22,130172487,301.05,304.44,285.73,288.84,11916320
1703.34,1794.81,1692.0101,1782.0,8085683,267.37,271.81,266.23,270.14,97215770,317.22,321.0,301.01,314.81,15526936
1649.59,1698.46,1603.0,1638.28,11006965,265.92,271.0,262.29,265.29,161147868,308.25,339.9,306.65,330.63,21526599
1659.795,1665.7383,1495.0,1538.6078,10690836,268.78,270.25,259.85,263.8,120705901,337.47,347.16,326.5,336.79,11398720
1481.58,1540.99,1476.36,1530.42,9332567,263.67,268.12,263.12,267.81,122643325,328.39,337.8999,322.26,329.81,7257990
1569.11,1623.91,1565.09,1599.19,4602373,270.65,273.23,270.12,270.69,97427146,332.54,342.0,329.1,337.28,5723763
1623.53,1670.4465,1598.44,1665.86,7682121,271.62,273.73,270.38,273.51,72100016,338.26,347.84,334.725,344.12,6385290
1678.59,1697.44,1651.83,1665.58,6221611,274.74,275.23,269.59,271.8,93545041,343.74,349.2,340.91,346.45,6174655
1657.57,1658.09,1596.36,1627.45,5231856,272.44,274.01,271.35,273.38,55157537,340.5,343.955,330.14,341.27,7692268
1618.35,1665.0,1614.55,1642.86,4000487,273.32,275.3,273.25,275.12,49731823,339.07,348.8,336.09,341.06,6590767
1673.0,1759.23,1664.075,1757.36,7606948,277.56,281.1,275.1398,280.91,84960994,343.34,351.18,340.8,348.027,7426352
1752.89,1784.0,1725.11,1754.95,3299391,280.14,281.22,279.22,280.44,49392193,349.0,357.5755,348.44,351.29,5411948
1735.12,1743.9207,1701.87,1712.03,2962981,279.03,279.24,276.18,277.83,70577729,349.0,354.0,345.23,350.53,4012945
1699.67,1708.55,1630.01,1636.79,3229882,277.15,277.46,271.99,272.49,78678065,348.37,349.78,330.34,331.15,5557138
1649.29,1677.0638,1613.75,1631.445,2901917,273.09,275.325,271.25,272.06,78846402,333.16,344.7,332.2,338.61,3903430
1656.32,1672.9952,1597.07,1600.1,6052227,274.16,274.61,268.4499,270.13,113944238,342.7,347.11,337.15,344.15,4905646
1581.01,1624.82,1546.51,1620.0,7969198,268.78,273.54,267.0102,273.07,118131123,342.33,348.58,339.04,348.41,4458230
1587.5,1614.48,1573.12,1593.59,5789575,271.79,276.0,271.21,273.68,107341090,345.19,355.7,345.1201,354.29,7149187
1577.01,1581.19,1503.36,1512.7,7408605,273.05,273.6176,266.748,269.08,86509084,356.34,366.75,352.88,353.4801,9512859
1437.5,1534.75,1420.0,1495.46,10400723,265.36,269.1,263.15,264.18,121173305,341.75,349.8,333.55,347.73,7777405
1542.99,1550.0,1516.2,1516.4,5464027,265.86,267.15,264.2527,265.08,64743156,352.0,353.1,337.3995,338.16,4608419
1517.0,1536.2,1501.81,1502.08,2508385,263.18,265.0662,263.07,263.34,36245484,334.345,337.5,325.55,326.0,4047411
1539.0,1584.81,1524.22,1581.33,5901415,265.78,268.2909,263.3652,267.46,67385154,325.0,346.22,325.0,345.94,7715078
1575.99,1597.65,1558.01,1582.0,5417385,266.34,268.37,265.66,268.34,65180166,340.05,346.96,335.5,343.91,5982784
1613.92,1681.45,1601.215,1677.46,7904444,269.6,275.1,268.3272,274.5,111668695,345.99,348.28,342.21,347.87,3992192
1674.99,1692.37,1652.331,1672.94,6312746,273.71,275.55,272.43,273.93,69394238,347.0,347.5,339.55,341.17,3002799
1679.5,1696.0,1666.5,1691.55,5186801,273.81,279.11,273.45,275.78,80116769,341.83,351.6,338.2648,350.39,5361189
1769.46,1778.34,1730.0,1772.9,6403320,280.28,280.4,277.505,279.25,86242190,360.0,366.0,352.0,358.64,8040529
1756.0,1770.3383,1665.404,1668.64,8090560,278.37,279.2317,269.9,270.3,153458262,356.05,368.68,352.0,359.5934,8251172
1614.87,1700.0,1609.85,1700.0,8247065,265.92,270.3161,262.44,269.95,181383076,356.01,367.38,350.76,363.06,7709571
1705.07,1718.9261,1625.46,1629.11,7080944,269.46,271.22,262.63,263.64,140570663,369.0,379.49,357.65,357.8701,11198666
1623.84,1657.99,1590.87,1641.2,7179113,263.37,265.1613,258.62,264.07,143799899,360.0,365.98,353.12,365.14,6349458
1678.0,1679.4684,1619.6,1643.4,5802900,267.66,267.87,262.48,264.1,110983363,369.91,372.1689,360.23,366.69,6099449
1669.0,1704.99,1660.27,1663.13,6044555,267.47,269.0,264.0644,265.53,84864550,369.42,371.91,365.16,366.72,4889259
1680.0,1692.12,1641.5,1659.74,4979728,266.52,267.49,264.12,265.41,85184961,370.15,377.44,366.75,376.89,7093864
1638.0,1642.57,1585.0,1591.92,5752043,262.96,265.5126,259.85,260.5,102862203,375.0,377.87,364.33,365.61,6215126
1566.0,1576.13,1505.01,1519.75,8117515,259.4,260.68,253.525,255.1,144021435,362.0,365.7,343.88,348.29,7364321
1540.0,1567.55,1523.01,1551.11,6143530,257.2,257.95,253.28,255.12,119045611,350.54,351.55,333.69,336.83,6896291
1543.05,1584.53,1483.18,1494.83,7903568,255.17,259.4,249.35,251.19,195780833,337.6,347.01,329.74,332.98,8083353
1484.0,1509.5,1432.69,1460.83,9314198,249.86,251.62,244.65,247.25,221564223,327.0535,330.29,311.869,315.315,8519343
1464.99,1480.0,1363.96,1376.73,12453718,246.74,249.71,239.98,240.73,210693307,317.4,323.47,312.44,319.91,7570973
1346.0,1396.03,1307.0,1342.91,6958691,239.04,240.8355,234.31,234.41,127577312,313.5,314.5,295.195,295.69,5350960
1368.89,1473.1567,1363.01,1470.81,9884789,235.97,246.0,233.76,245.96,191221925,300.0,326.97,294.09,326.08,7928079
1454.2,1469.0,1390.31,1462.0,9157443,242.57,248.01,238.96,248.01,159105665,319.84,322.1717,301.5,315.9188,8310934
1473.35,1513.47,1449.0,1475.18,8215424,249.58,251.4,246.45,247.6899,132250127,323.1,336.24,318.41,333.86,8973702
1510.8,1520.76,1487.0,1492.38,6215958,249.56,250.16,247.47,248.55,100767777,337.79,339.21,325.26,331.4531,5898332
1465.2,1553.36,1460.93,1536.73,7132821,245.98,251.21,245.95,249.89,107236613,306.5,315.13,298.8,309.8699,10751296
1520.01,1538.0,1498.1062,1502.07,6340704,248.23,248.57,244.03,244.46,113782919,307.0,309.4,297.38,300.31,6672221
1530.0,1594.0,1518.31,1574.54,8285596,247.59,253.11,247.17,252.41,122528832,306.0,318.0,302.73,317.54,6983846
1602.31,1634.56,1589.185,1631.12,7252880,252.69,255.95,251.69,254.4,88317608,321.66,336.74,317.7508,334.986,7193888
1664.69,1676.61,1616.61,1655.835,8184304,256.82,257.31,254.0,256.65,88864452,341.98,344.01,327.02,335.49,6567180
1652.98,1667.799,1641.3953,1657.59,5718583,257.56,258.91,241.4,257.71,77555720,335.5,343.5025,331.47,338.52,5199244
1643.07,1663.25,1621.615,1655.5,6024209,256.26,259.16,255.5,258.94,85909797,334.4,345.39,331.79,344.91,5719942
1640.55,1660.294,1636.22,1639.66,4171157,257.68,259.0098,257.03,258.76,60544770,342.09,348.41,338.77,347.35,4796324
1615.0,1648.2,1595.15,1619.8767,5255053,256.86,258.3,256.41,257.69,51552561,342.5,342.5,334.0,334.7,5009149
1632.0,1672.97,1626.01,1672.75,5504935,257.82,260.7,257.25,260.21,72130969,335.0,348.8,334.5,344.345,5803044
1684.22,1705.0,1675.8787,1681.9703,5690955,260.83,261.9666,260.6,260.94,59299089,344.78,352.0,343.5,345.89,4500918
1681.46,1700.17,1677.5,1691.37,3801991,260.01,263.92,259.96,262.88,79893207,346.21,351.5,344.15,347.15,3488578
1712.0,1716.2,1691.54,1693.2421,5590622,264.98,266.98,262.998,266.16,99666883,323.06,327.1297,299.7301,302.22,22317439
1681.0,1681.8668,1610.2,1628.398,5768384,264.82,265.06,261.06,261.97,88775864,304.82,308.0,295.5,298.18,11524285
1655.99,1657.43,1612.0,1636.55,4758701,264.01,264.79,260.66,263.1,74195206,292.5,294.5,281.69,287.18,11633895
1641.07,1657.2572,1631.7847,1654.97,3419975,263.21,264.2,262.08,263.69,48407752,283.47,293.68,279.2831,291.855,7588695
1670.0,1683.48,1661.6122,1668.6,4248850,265.61,266.7,263.6595,265.7,78094541,294.39,298.5195,289.55,297.0,6831199
1644.62,1645.0,1614.09,1636.185,4294355,263.39,263.82,261.79,263.635,75207990,292.91,297.46,287.75,296.38,6123573
1631.27,1632.38,1590.72,1592.73,4087240,263.92,264.55,262.48,263.31,54249161,295.27,298.5566,291.8,297.18,4359468
1622.09,1676.95,1619.68,1670.2312,4779035,265.1,268.52,264.25,267.4625,75091893,300.45,308.8531,298.49,308.705,7828001
1691.87,1736.411,1679.0822,1720.41,7804004,267.51,270.47,267.27,270.2325,73699733,301.0,311.5636,294.0,307.0679,11706783
1637.8,1673.06,1622.01,1623.8,10364406,270.15,271.2,269.18,270.07,68194167,305.42,316.1,303.5,312.1801,6978985
1623.0,1649.63,1613.5,1630.5,4434619,270.11,271.8,269.36,271.78,46985797,312.98,315.3,301.88,312.465,7019206
1643.34,1665.26,1642.5,1656.87,3853990,272.44,273.44,271.88,273.13,61540042,312.37,322.44,312.2494,321.37,6415638
1670.75,1672.26,1633.34,1639.42,3639233,272.79,273.34,271.92,272.7,43446324,319.59,324.24,315.624,317.77,4744608
1625.02,1625.539,1592.91,1611.6058,4065241,270.94,271.55,268.29,269.97,83380785,313.3,314.7,303.0,307.5999,6189747
1586.0,1588.59,1566.756,1585.7397,5163140,268.75,270.2874,267.83,270.08,63409417,306.98,307.445,298.5,305.34,5560662
1600.78,1609.29,1586.0,1591.8,2993984,271.2,271.49,270.03,270.64,57175393,311.6,318.6,310.5,313.02,6697977
1603.99,1638.97,1598.88,1637.89,4397459,272.42,274.52,272.34,274.075,60116740,316.2,318.19,309.62,311.99,5151145
1647.0,1656.38,1637.1063,1640.3726,3144253,275.03,275.93,274.56,274.98,54446766,312.45,312.75,305.57,308.34,4918601
1624.5,1637.9,1606.061,1623.8774,3678810,273.78,275.64,266.75,274.535,72729366,303.38,306.77,301.0,303.98,4875188
1627.86,1628.9099,1604.5,1607.5299,3972633,276.36,277.34,276.13,277.27,74792740,304.5,308.0,303.9,307.8181,3655601
1601.0,1634.0,1600.56,1627.4731,3363526,276.4813,278.58,276.47,277.78,49878739,306.56,311.5442,305.59,305.59,3928167
1630.0,1634.93,1610.12,1622.62,3099413,277.81,278.92,277.25,278.43,66580035,304.41,306.3,299.0,302.53,6413092
1619.85,1623.56,1600.91,1619.9,3294305,277.7,278.1,276.345,277.46,54366314,301.81,303.2399,290.5,291.24,8521093
1623.5,1634.94,1621.17,1631.19,2590256,278.11,279.36,277.4029,279.15,66916124,294.49,296.5,292.1,294.69,5459428
1641.45,1654.6,1630.3873,1633.0,2858663,280.73,281.31,279.43,279.57,62598105,297.91,302.9044,297.0005,298.7,5893761
1625.98,1639.99,1616.1335,1636.33,2387059,279.13,280.3,278.9,279.34,51038945,292.22,302.01,288.7701,297.81,8096676
1628.18,1641.81,1615.1,1641.09,2855043,278.52,279.59,277.48,279.23,50391483,301.42,316.295,300.55,314.795,10618216
1635.25,1651.77,1633.83,1639.79,2439847,278.96,279.45,278.32,278.54,52938984,318.92,320.0,310.81,319.81,8869984
1653.74,1674.26,1651.0,1671.26,4274122,280.44,280.88,278.82,280.49,64119601,306.88,307.13,291.9,294.66,21624319
1685.0,1709.43,1674.36,1696.16,5635905,281.6,281.87,276.84,279.41,89783576,298.12,298.78,282.78,285.3,16306926
1702.95,1707.8,1689.01,1691.81,3441803,279.54,279.76,278.41,279.05,48652076,282.0,284.0,270.1,276.64,17966785
1695.97,1697.75,1668.28,1669.16,3715728,279.15,279.16,276.97,277.29,61873702,276.54,281.5058,274.39,276.23,10154076
1667.06,1669.7534,1620.51,1626.28,4213562,276.83,276.99,274.07,275.08,85418006,278.84,284.7,274.25,276.6,8865853
1604.01,1622.72,1586.57,1622.11,4139096,272.94,274.65,272.42,274.525,74907975,276.91,285.59,275.89,284.13,8457763
1626.95,1672.285,1626.01,1670.32,3476811,275.26,278.62,270.14,278.5,54137659,283.52,291.28,280.5,290.86,6980280
1669.0,1684.265,1660.98,1672.42,3094709,279.06,280.07,278.85,279.44,66167643,286.49,288.07,281.06,283.37,7127257
1683.0,1700.0,1679.35,1690.8,3263391,280.48,282.38,280.3,281.34,66248190,283.9,291.99,282.7,288.91,6554342
1691.2,1702.0,1684.34,1685.29,2583867,281.37,281.84,280.6662,281.19,57299650,292.45,295.39,288.29,289.96,6699809
1700.22,1718.8,1693.13,1712.91,4133684,280.52,282.21,280.2794,281.35,59622148,277.7671,280.19,274.4,275.5492,8870978
1712.39,1750.0,1712.39,1742.0,4804401,281.55,282.66,281.3,282.38,53119090,275.94,278.05,267.3,269.52,9780738
1754.13,1784.16,1753.51,1762.7,5692348,283.485,284.36,281.41,282.48,65808961,267.5,273.3,263.46,267.38,11314236
1769.94,1799.01,1767.0338,1797.73,5635029,282.16,283.5,280.32,281.53,75155036,269.69,274.97,266.3,273.5,6668734
1796.26,1823.75,1787.281,1818.4,5081857,280.64,285.18,280.59,284.67,70057220,272.0,276.45,268.45,274.045,5664291
1810.17,1818.98,1763.11,1764.06,5841108,283.22,283.8034,279.18,279.25,109874331,272.58,272.8,264.0,264.64,8299079
1757.79,1782.675,1747.5,1774.07,4735693,278.87,280.1853,277.64,279.03,75858918,259.71,263.18,254.46,260.49,9687165
1792.85,1805.77,1773.3597,1784.47,4486129,280.99,282.18,279.56,281.02,58474043,264.44,270.26,264.43,267.7602,7062104
1784.13,1787.5,1745.68,1766.0,3998643,281.11,281.76,277.93,279.72,65592510,268.75,275.36,268.1838,274.9,8402247
1770.0,1777.93,1753.47,1773.67,2819446,280.35,281.21,279.07,280.79,50705408,277.16,280.33,275.1,278.58,6404454
1786.58,1792.86,1776.63,1781.09,2744465,282.39,282.84,281.14,282.62,57724114,278.7,280.16,274.5,279.75,5650129
1800.11,1815.67,1798.73,1814.36,2005504,284.7,286.16,284.4,285.89,26929510,282.62,289.2,281.281,289.18,3667993
1811.93,1820.0,1805.121,1814.0,3098296,286.04,286.23,285.09,285.98,36786442,288.3,289.44,283.88,285.85,5150050
1826.72,1830.0,1809.62,1820.41,3637589,287.32,287.76,285.75,286.52,57816894,287.32,296.17,287.17,291.76,7566626
1820.65,1828.75,1804.2,1819.51,3318144,286.78,287.459,286.01,287.22,45109131,261.69,271.2,260.59,267.8,21128569
1829.0,1838.58,1825.19,1837.65,3186217,287.92,288.63,287.2272,288.62,51506957,269.86,276.1,266.11,274.96,12356211
1833.23,1850.2,1825.11,1849.679,3432186,288.1,288.91,287.37,288.81,42813271,277.69,281.16,270.44,273.15,9847191
1845.49,1853.09,1831.78,1836.52,3300977,287.72,288.08,286.7,287.305,57028997,271.65,275.0,269.61,272.4,5631504
1841.0,1848.0,1828.81,1847.33,2766747,287.77,288.3899,287.31,288.29,44663930,276.74,278.38,272.8925,276.05,6371614
1848.7,1849.95,1840.31,1844.5,2412329,288.83,288.84,287.578,288.23,50215810,268.3,270.5,265.6,268.4498,8812029
1848.4,1851.5,1841.3,1842.96,2598729,290.0,290.47,288.261,290.19,53039670,270.22,271.95,266.83,267.68,6514945
1842.0,1846.85,1818.9,1844.85,3271660,290.24,290.35,289.075,289.99,40153954,268.63,268.88,258.63,266.38,9569374
1851.31,1869.77,1848.0,1862.92,2788392,290.95,291.01,289.5,290.1705,46807170,265.75,275.0,264.72,273.31,6865386
1872.5,1876.473,1860.44,1864.82,2588487,291.4,291.425,288.99,289.48,46295526,274.75,274.79,268.535,271.219,4932059
1866.2,1870.82,1859.48,1861.4,2613709,290.1,290.32,288.66,290.02,56552902,271.23,274.84,269.75,273.26,5644604
1855.4,1888.42,1845.64,1888.04,3196934,289.17,290.435,289.07,290.31,33279979,269.0,269.68,262.48,262.8943,11419980
1891.2,1929.26,1889.58,1924.17,4123487,290.68,293.14,290.42,292.85,46533520,260.15,265.6,255.75,263.98,10233659
1925.1,1929.69,1898.16,1900.88,3044542,292.79,293.16,292.07,292.23,38523204,263.85,265.32,258.0,258.6906,8333946
1917.0035,1922.45,1900.31,1902.16,4154636,292.12,292.78,290.73,292.08,46782846,255.03,259.0,246.07,247.573,20585363
1928.69,1951.0,1898.0,1950.9,7614548,292.1,293.49,291.2401,293.44,39361630,246.5,246.68,231.13,235.04,21168499
1949.0,1956.335,1934.09,1939.0,3542692,293.51,294.45,293.41,293.78,53524768,235.86,243.98,232.17,241.4375,15899607
1930.12,1935.71,1906.95,1926.53,3106108,293.49,294.34,291.92,293.96,63653164,242.0,244.21,237.0,238.69,9026387
1933.09,1943.64,1910.55,1911.29,2814558,294.72,294.95,291.8,291.84,59432706,239.0,240.0,231.5,234.01,10324457
1913.33,1921.55,1881.87,1901.72,3641665,291.68,292.7,289.52,291.27,59209780,245.52,247.13,237.72,244.08,14881930
1949.0,1964.4,1936.0,1961.76,5687567,292.82,294.34,292.56,294.02,45416907,243.86,256.61,243.49,255.04,21063497
1917.98,1959.0,1910.5,1950.29,4911645,289.25,293.31,288.9,292.87,75426654,250.1,258.3499,248.5,255.335,9546203
1939.99,1949.1005,1903.3795,1922.58,5451477,290.15,290.81,285.81,288.04,118960368,256.8,257.21,245.1,247.06,9542822
1918.87,1935.37,1910.0,1916.85,3650183,287.53,289.43,286.87,287.56,75117753,246.94,250.599,244.2,244.76,5757805
1900.98,1909.4,1876.0,1900.01,4928658,285.23,287.33,283.3,286.75,90532298,242.0,243.68,236.9434,241.98,6455536
1898.0,1903.79,1856.0,1889.98,5355441,285.62,288.94,282.3,288.03,97407327,239.75,241.99,236.02,239.51,6716345
1837.11,1846.535,1818.0,1822.62,5312153,282.42,283.49,279.93,280.9905,106597028,232.01,232.47,224.5,227.01,10159046
1839.9,1852.44,1815.75,1840.05,4179780,281.99,285.1,281.85,283.33,68269143,229.3,234.5,228.0,232.12,6820595
1827.95,1874.427,1823.0,1871.12,4294255,281.59,285.77,281.36,285.06,62989430,229.32,232.44,225.25,231.92,6908252
1885.9,1917.51,1882.29,1907.86,4317968,285.84,289.21,255.797,287.63,63128989,229.49,231.0,226.5,228.245,7023216
1893.05,1910.53,1867.33,1867.99,4384715,285.14,288.6,281.99,285.9,79900238,221.96,222.24,208.92,211.0731,16740523
1852.69,1867.78,1835.54,1858.04,3483969,284.06,285.962,283.12,283.97,53154629,202.8,206.0,195.25,205.34,19451274
1874.79,1879.0,1846.0,1858.11,3603729,285.83,286.93,285.55,286.49,41709587,197.76,207.4,196.04,204.97,16693973
1851.22,1871.485,1851.0,1859.425,2647140,285.45,286.69,285.1,285.62,43931414,199.1,203.94,191.78,192.69,17656779
1837.0,1844.0,1804.2,1815.67,4041503,283.16,283.21,280.57,282.27,78886518,194.34,199.465,186.22,195.48,23374971
1835.89,1841.76,1817.851,1823.3,3096132,283.74,284.2,282.09,282.8,44877163,199.83,199.98,188.7505,190.7257,13302938
1832.35,1849.2668,1827.35,1836.56,2861458,283.09,284.15,280.18,280.31,57121638,191.2,195.0,187.85,188.72,9777919
1823.18,1830.0,1807.5327,1820.2,3730772,278.91,279.36,276.71,278.38,88121995,187.1,192.39,185.0401,189.89,11256907
1824.31,1829.47,1807.825,1815.81,2934611,279.11,280.04,277.805,279.05,52483275,188.75,192.255,187.02,188.18,7409500
1790.01,1795.585,1772.7034,1775.07,3916862,276.21,277.12,275.24,275.37,67316713,185.1,189.9204,184.1,185.48,9599948
1760.01,1766.29,1672.0,1692.76,8372675,275.31,276.5521,273.09,274.54,82473795,185.51,186.68,176.9919,179.01,12380263
1699.24,1730.82,1680.89,1730.18,5141474,277.12,280.68,276.62,280.52,64337734,181.1,193.98,179.61,193.91,13115692
1749.6,1752.0,1715.2513,1739.48,3781000,282.33,282.99,280.32,282.9,58965379,198.47,201.2782,191.8486,196.677,12570739
1737.71,1759.99,1726.13,1754.6292,3355072,283.29,285.55,282.57,284.74,53512841,204.25,211.0,201.8,206.08,19472101
1762.4,1806.2538,1759.49,1804.02,4065603,285.93,288.85,285.74,287.63,60266286,205.0,210.8438,203.499,204.39,14897026
1822.0,1884.87,1818.0,1860.63,4968998,289.37,290.82,288.8734,288.9305,51975211,210.47,216.94,209.01,212.88,9978622
1883.25,1893.7,1858.0,1863.7,3629018,290.99,291.4,288.1805,288.89,46353659,219.38,220.9,213.5,217.1,10591156
1853.98,1865.0,1844.38,1855.3,2450925,288.64,289.26,287.815,288.36,37832770,222.95,223.38,209.0,209.2173,14335584
1866.72,1883.09,1862.22,1870.748,4993238,289.41,289.98,288.62,289.65,40688128,210.38,214.9,207.5103,213.89,15620124
1864.92,1876.0,1859.0,1870.17,4923087,289.26,289.93,288.41,289.19,41744834,211.29,216.65,210.4,214.92,14191322
1876.5,1895.688,1875.45,1886.0,2397289,289.52,290.22,289.18,289.44,32798643,214.73,227.0,214.27,225.03,11895515
1901.35,1921.67,1899.79,1902.15,3523736,291.39,293.57,290.99,292.29,71713227,228.72,234.74,222.58,224.74,12016691
1907.84,1919.5807,1892.6223,1909.03,2565954,292.55,293.65,291.47,293.05,65591743,225.11,227.77,221.06,226.33,6207071
1933.33,1935.2,1905.8,1917.95,2858789,296.04,296.3093,293.1255,295.84,81862090,223.0,226.9,216.35,219.59,11132022
1912.5,1925.95,1907.58,1911.1,3243263,294.13,295.52,293.76,294.08,58466666,216.22,222.18,215.5,221.89,7632727
1912.66,1916.86,1901.3,1913.96,1931200,294.23,294.58,293.47,293.64,35700746,223.24,225.86,221.02,223.64,5459384
1911.84,1916.385,1872.42,1878.64,2712393,293.695,293.73,290.64,290.79,64968105,224.39,225.34,219.49,219.77,5882114
1892.91,1903.8,1887.32,1897.75,2011515,291.75,292.31,290.345,290.47,40049650,220.31,227.23,218.1,219.18,8076589
1902.0,1911.24,1898.04,1903.67,1923521,291.31,292.06,290.89,291.54,31264190,219.45,222.9,217.35,222.81,5927800
1912.8,1912.8,1884.0,1889.83,2263386,292.8,293.55,292.01,293.1,42011235,221.68,225.17,221.31,223.46,5732666
1922.98,1929.82,1914.66,1922.26,2917672,296.68,296.92,294.33,295.61,57465080,230.21,233.0995,226.29,227.16,7727451
1919.38,1934.79,1906.63,1934.79,2407604,295.61,296.49,291.21,296.46,52076552,228.89,229.15,222.22,224.62,6739925
1935.89,1941.59,1930.5,1939.0,1475704,297.18,298.82,297.02,298.76,28494654,239.39,241.57,234.51,234.9,13233097
1928.6,1945.9,1925.3,1943.1,2418081,297.44,298.64,296.01,298.36,38871871,234.57,235.45,230.8,233.15,6653090
1934.12,1956.0,1928.2532,1952.33,2593566,297.01,298.2579,296.22,296.86,34973243,231.24,232.25,228.66,230.38,5647103
1947.88,1990.01,1943.475,1987.35,3966987,295.54,297.52,295.48,297.26,32627832,228.97,231.0,227.28,230.06,6001968
1996.51,2024.94,1995.4,2017.77,4445939,298.37,299.66,297.78,298.61,46049889,234.15,238.94,233.14,238.92,8477126
2025.62,2035.8,1995.3,2001.07,3957307,299.32,299.58,298.2,299.3,43283434,238.14,241.5,235.8,238.6,7262861
2008.27,2017.0,2003.87,2010.02,2199931,299.87,300.73,299.51,300.68,32819449,239.75,245.38,239.71,245.06,8720374
2021.4,2022.9,2001.55,2021.0,2598695,301.13,301.13,300.19,300.76,26620249,248.0,254.42,244.86,253.48,10516336
2010.58,2026.3196,2001.22,2010.0,2356968,300.65,300.88,299.44,299.74,35091780,249.3,253.53,247.9325,252.4,7718769
2007.05,2012.0,1992.12,1992.16,2257978,298.935,299.13,297.76,297.77,16886404,255.6,258.31,253.35,254.83,9338786
1980.01,1987.5,1951.55,1978.67,3163219,297.19,299.25,296.7,298.85,45081126,255.05,255.75,251.885,253.59,4502229
1991.02,1996.0,1962.2255,1965.0,2898302,300.04,300.07,296.96,297.12,56205349,255.69,259.96,254.62,258.0789,6785285
1971.14,1989.0,1958.26,1985.92,2574102,297.61,298.5,297.04,297.92,33652033,258.75,262.155,254.1911,255.65,6489574
1995.99,1997.79,1973.13,1994.47,2309402,299.14,300.03,298.22,299.96,39357866,256.71,260.48,254.5,260.1,4851377
1969.3,2001.2,1965.87,2001.04,2306251,299.19,301.42,299.09,301.38,37395588,259.17,266.07,258.1601,265.0288,7366736
2001.0,2001.2,1972.72,1975.02,2871851,300.94,301.0,299.11,299.9702,43107087,233.5,234.5,225.5501,228.8102,20548751
1942.0,1950.895,1924.51,1943.05,4535583,300.76,302.23,300.62,301.99,33029846,226.92,230.26,222.25,228.0,9703872
1930.0,1932.226,1890.54,1912.87,4140433,301.88,301.93,300.85,301.48,32817928,227.09,235.94,226.0325,235.792,8922968
1891.98,1909.89,1883.48,1899.22,2709016,299.91,301.17,299.49,300.82,38438660,232.9,243.36,232.18,242.26,7862017
1898.11,1899.55,1849.44,1866.39,4056598,300.99,301.2,295.2,297.38,90546502,243.0,246.68,236.6501,241.62,8812185
1872.35,1897.92,1844.01,1855.33,4444048,297.6,300.87,293.96,294.88,127309146,242.65,244.51,231.77,233.94,7976109
1845.07,1846.3634,1808.02,1823.52,3812376,293.85,294.12,290.9,292.76,95629766,231.35,236.27,229.23,234.2784,5014277
1771.26,1788.6678,1748.78,1765.13,5334410,288.09,288.21,281.72,284.04,149170305,229.6,231.3673,225.775,228.48,6526882
1791.0,1793.77,1753.4,1787.44,4598728,285.91,288.04,284.28,287.77,98191969,231.88,232.5,225.75,230.63,5256223
1773.99,1798.93,1757.0,1793.39,4044619,284.4,288.82,282.04,288.03,110389529,226.51,233.5688,225.8,233.47,4574805
1806.0,1834.26,1798.11,1834.26,3268663,289.62,293.56,289.01,293.55,70688282,234.45,239.8,232.65,238.29,5027207
1826.0,1831.091,1802.22,1807.88,2495170,292.58,293.24,289.65,291.59,79060953,236.0535,238.96,233.81,235.0,3678950
1795.99,1800.98,1777.0,1784.75,2510579,289.96,291.6052,287.02,288.1,55499992,232.99,235.77,228.75,229.02,4435506
1781.04,1831.7429,1780.0,1824.29,3656625,287.74,294.15,287.36,292.43,82355835,228.81,236.0,227.55,234.97,4659970
1793.01,1795.6514,1757.215,1762.96,4353369,288.07,292.4644,283.76,283.92,114406673,231.21,231.5,216.69,219.59,8733756
1781.99,1788.0,1761.96,1775.41,3427389,284.88,285.64,282.39,284.69,82311442,220.86,221.56,211.55,215.52,7836075
1792.89,1802.9082,1784.5496,1791.8,2767735,286.48,289.33,284.7138,288.87,66766930,216.75,222.24,216.02,219.92,4820433
1818.08,1826.0,1812.61,1816.83,2483931,292.19,293.08,291.44,292.32,45359957,224.21,227.83,221.7,226.81,5067001
1814.5,1816.82,1799.88,1801.35,1677671,291.77,292.36,289.95,290.05,43194342,227.62,229.09,224.54,225.65,3763018
1819.39,1829.5785,1815.0,1823.38,1852417,292.48,292.86,291.72,292.43,41673861,222.01,223.22,217.6,220.79,7342403
1827.35,1829.4111,1800.1,1804.25,2284144,293.23,293.93,290.4,292.31,45866971,222.8,225.4,218.22,222.05,5473992
1793.03,1804.8962,1745.23,1750.77,4622453,292.46,292.69,283.47,284.81,97678307,219.97,221.17,211.0,211.39,8015679
1767.5,1770.0,1743.51,1770.0,2669759,287.27,287.99,285.58,287.97,58177052,213.6,215.02,211.54,214.98,4696205
1775.73,1779.4,1746.68,1761.92,2491245,289.54,289.95,286.03,286.84,59444288,215.74,218.8,212.03,214.16,4999917
1755.0,1767.86,1744.0505,1764.0,2220361,286.14,289.07,285.25,288.83,52608581,213.69,217.25,212.31,215.59,3093685
1783.0,1798.55,1777.25,1786.46,2683039,291.72,293.16,290.61,292.56,49472271,218.95,223.4,218.0,221.7,4868685
1797.49,1799.74,1764.57,1776.19,2577738,294.22,294.2399,291.42,292.46,51741934,229.15,232.44,224.213,225.6,8258412
1770.0,1800.8,1768.0,1789.51,3164026,290.57,291.58,289.27,290.77,55681522,224.08,228.95,223.16,225.11,5080361
1805.0,1807.6309,1796.23,1800.46,2144301,293.14,294.055,292.31,293.97,40141322,226.89,228.46,219.205,220.71,5480727
1821.84,1842.0,1815.575,1840.73,2970700,296.79,298.83,296.64,297.82,72819388,222.5,229.8,220.85,229.48,7033497
1838.22,1840.65,1826.4,1833.51,2157266,298.17,298.76,297.42,298.07,41911758,227.85,229.64,225.17,227.49,4102982
1841.0,1850.0,1824.61,1831.29,2632165,299.14,299.24,297.16,298.15,46144178,229.97,233.76,229.23,231.78,4609862
1822.75,1825.81,1805.3356,1821.31,2202645,297.36,298.2,295.97,298.2,51133721,230.8,235.54,228.94,235.54,4654579
1811.97,1833.42,1809.08,1822.49,2005996,298.47,300.34,297.75,300.29,55661424,237.38,248.1741,236.0,247.23,9601813
1838.1,1853.66,1834.28,1843.0,2521448,301.25,302.46,300.41,301.27,64607244,247.7,253.5,244.4,245.86,8043768
1842.01,1846.1215,1835.17,1839.34,1645917,301.78,302.17,300.68,301.05,51680998,246.96,248.45,244.865,245.27,5075640
1824.02,1825.6941,1800.2,1808.23,3214425,299.84,301.1378,299.45,300.16,47779398,246.0,247.43,241.17,242.7,4459981
1807.2,1823.99,1804.1,1822.62,1767317,299.94,301.02,299.75,300.94,35265761,242.47,245.6,240.37,244.79,3690146
1818.13,1822.06,1795.5,1817.59,2250447,300.49,301.22,298.24,301.1,67441406,245.0,248.1685,242.37,243.43,3992199
1821.06,1832.57,1817.9,1821.54,1793657,301.53,302.63,300.7103,301.06,66378040,246.0,247.94,244.84,246.58,4454220
1821.71,1830.63,1780.92,1794.89,4714413,300.36,300.67,297.41,298.13,72009098,246.49,246.946,238.16,240.59,5996334
1777.0,1792.7,1767.32,1784.29,2557364,297.55,299.0,297.27,298.25,34453241,240.0,245.1794,239.22,241.25,4157878
1790.605,1795.705,1735.545,1742.34,4199402,299.41,299.84,294.81,295.81,84500024,241.52,241.99,222.61,223.2817,12393973
1747.36,1773.0,1723.0,1768.08,3087299,295.96,298.11,294.33,297.6,54913496,224.56,228.98,218.36,228.7,8944825
1762.79,1763.37,1731.5,1740.12,3136278,297.63,297.86,295.45,296.97,49794504,230.66,243.31,227.4,242.52,11445264
1747.8,1749.12,1713.82,1725.85,3613379,297.83,297.9465,293.69,295.36,68159660,242.0,248.71,238.73,242.13,10663930
1726.99,1737.46,1709.22,1736.12,2300015,295.97,297.55,295.92,296.83,42173018,243.0,243.98,236.1111,240.84,5556374
1746.0,1755.6,1728.41,1736.11,2721128,297.74,298.455,293.0,293.21,81527864,241.5,245.95,239.13,244.69,5903470
1727.74,1728.89,1705.0,1713.23,2954213,291.5,291.51,286.64,288.04,109650050,243.03,244.65,239.43,243.24,5099506
1713.0,1725.0,1685.06,1724.25,3105457,287.81,290.4,284.82,290.37,79531176,231.86,234.32,224.28,232.92,13775674
1726.06,1740.575,1719.23,1739.4,4348820,291.14,294.63,291.08,294.37,50700124,231.61,234.77,228.07,231.4159,15272408
1731.63,1747.83,1723.7,1732.5,3700680,293.47,295.26,292.77,293.11,51170613,229.8,238.56,228.55,237.72,15351711
1722.49,1727.0,1705.0,1705.25,4559696,291.04,291.85,288.49,288.55,82885280,235.87,243.94,234.5,240.0,16599013
1719.61,1729.95,1714.36,1721.79,3594275,290.75,292.3,290.06,291.23,49246505,241.52,247.295,240.65,244.53,13116148
1725.0,1738.29,1713.75,1720.56,4724970,291.18,294.21,291.0,293.24,50981567,245.28,249.28,241.58,244.74,12090722
1742.92,1745.45,1729.86,1729.98,5936898,296.27,298.74,296.1448,296.26,83204669,247.15,251.08,246.81,247.77,15990158
1728.69,1741.8887,1722.0,1736.5,3293125,295.93,296.67,295.57,296.01,32589599,247.9,258.55,247.13,256.92,19430374
1742.14,1776.45,1740.62,1767.35,5739023,297.1,299.7,296.97,298.9,41122730,257.7,260.0,254.12,257.86,12362512
1772.0,1786.24,1770.521,1777.42,4891217,298.37,299.16,297.92,298.41,40765372,257.39,262.1,256.92,259.6902,12800343
1796.0,1798.85,1782.02,1787.47,4695257,299.68,300.24,298.515,299.24,41222618,262.5,264.78,260.17,261.98,9112414
1787.8,1793.98,1749.2001,1757.79,6127556,298.69,299.395,296.99,297.98,51564833,260.7,262.8,255.1,256.9899,11065826
1768.63,1785.88,1765.0,1785.835,1771449,299.42,300.21,298.935,300.05,30880097,258.2,259.5,250.18,253.43,4429730
1788.15,1789.7799,1762.0,1765.34,1925469,300.58,300.9,298.91,299.03,44393433,254.32,258.33,250.85,255.52,4386182
1761.3,1770.05,1742.0,1761.99,1920970,298.73,299.94,298.495,299.86,28710578,254.5,256.14,251.35,254.889,5005641
1771.09,1788.3379,1760.27,1781.5935,2931765,300.91,301.07,299.4601,300.42,31732833,298.37,304.0,289.2,299.62,26049521
1697.55,1764.21,1695.0,1762.0,8773821,299.74,302.2,299.69,301.64,37702114,297.72,330.0,296.11,328.19,28673217
1750.7,1778.7,1742.5,1777.04,3399815,302.94,303.85,302.91,303.36,35623775,327.54,340.84,322.6,327.51,18510525
1775.0,1777.0,1755.81,1763.04,2063458,303.0,304.23,302.86,303.2,40645426,319.99,324.3,314.75,316.2,12356755
1760.24,1782.38,1759.115,1780.0,2194972,303.43,304.55,301.99,304.14,42207922,313.0,318.79,309.97,314.86,9042272
1775.99,1792.0,1771.4753,1777.1431,2375710,304.13,304.13,301.73,303.26,57339393,313.1,319.0,313.0,315.09,4954986
1788.01,1797.445,1785.279,1791.47,2375327,304.92,306.19,304.74,306.18,58795500,316.32,316.48,309.8,313.21,6118298
1801.5,1815.06,1801.01,1805.27,2513437,307.85,308.0,306.96,307.34,52897810,314.8,321.94,309.26,317.425,8579754
1809.16,1810.25,1794.0,1801.7,1650756,307.59,307.9195,306.71,307.0,37677568,319.62,323.51,316.118,317.16,6308975
1801.0,1802.5,1788.58,1795.94,1790400,307.03,307.4,306.06,307.14,38740895,318.0,326.72,314.5,326.7,7748529
1803.76,1805.9,1783.48,1788.2,2365870,308.57,309.65,307.66,308.22,48824013,329.14,341.5,328.02,335.39,14148570
1787.89,1789.88,1774.04,1785.88,1930135,307.8,308.97,307.03,308.97,39113878,334.5,337.46,332.5,337.12,5966814
1778.1,1780.0,1767.13,1771.9,1776035,307.42,308.54,307.27,308.39,28125719,343.8,349.19,342.0,345.1,9715763
1774.66,1786.22,1771.91,1778.23,1830806,308.75,309.99,308.15,308.94,40849630,346.94,350.37,344.04,349.95,7177557
1773.39,1775.0,1747.3217,1753.4,2777022,307.91,309.54,307.66,309.07,47205170,355.0,356.33,345.18,345.99,8029488
1750.27,1766.5931,1749.56,1754.65,2017087,308.79,309.64,308.09,309.53,45284665,346.11,353.84,342.91,349.36,5966623
1760.05,1761.68,1732.86,1739.08,3623321,311.02,311.83,310.26,311.83,46892993,350.64,352.8,348.36,352.24,4591478
1738.3,1753.7,1722.71,1752.86,2585138,311.53,312.28,311.03,311.99,41233494,352.9165,353.15,346.1,349.98,4287780
1756.99,1760.68,1743.03,1753.16,1854190,312.68,312.69,311.22,311.89,58592144,351.75,359.99,347.8,359.52,7442184
1749.14,1762.524,1734.12,1746.6335,2321723,311.28,311.85,309.06,310.79,66440242,360.0,361.2,349.57,352.4,6143861
1743.0,1746.87,1730.36,1735.0,2377252,310.89,311.01,309.39,310.29,44613805,354.51,360.84,354.0039,354.9697,5644325
1739.0,1746.43,1731.0,1745.85,2165005,311.09,311.24,309.85,311.0,34467117,340.16,341.0,330.0,332.99,16189232
1753.25,1777.42,1753.24,1773.69,2906729,311.98,313.37,311.98,313.35,38628150,344.47,344.57,334.46,336.3009,11454970
1779.92,1797.03,1778.35,1796.99,2708603,313.41,314.28,313.06,314.02,31745885,335.27,335.5,327.1,328.93,7428918
1801.0,1824.5,1797.31,1818.23,2769246,314.61,315.47,314.37,315.44,35090597,331.12,333.93,328.57,331.05,5331554
1817.78,1823.98,1800.79,1800.96,1594416,314.86,315.13,314.06,314.27,24863599,331.11,331.26,327.5,330.04,2279549
1804.0,1805.55,1762.68,1781.61,3420336,314.59,314.66,311.17,311.6,64576426,329.4,336.3827,328.687,334.86,5922892
1761.13,1772.87,1747.23,1770.33,3215969,308.65,309.64,307.13,309.47,65077352,332.62,337.91,332.186,336.08,6380944
1774.01,1789.0894,1760.2201,1760.48,2387073,310.7,312.12,310.32,311.47,39438972,337.75,337.86,332.85,332.99,5249592
1763.5,1763.5,1740.0,1740.48,2472575,312.23,312.25,310.58,312.04,36240550,333.0,334.4227,327.25,330.34,3453427
1752.33,1754.4,1740.13,1751.59,2739956,314.12,315.31,314.11,314.82,39763753,335.0,338.86,334.77,335.85,7446599
1750.66,1766.8918,1745.61,1749.42,2123839,314.44,315.18,313.8,313.87,29338231,336.59,344.45,335.08,339.4,8270305
1747.4,1750.67,1735.0,1739.49,2186409,313.82,314.55,312.81,313.55,40763264,339.96,350.73,339.31,348.83,8530007
1741.67,1750.0,1735.7102,1748.9,1716841,314.03,314.7,313.595,314.41,41107413,351.8765,357.1899,351.09,352.5,6649961
1750.7,1764.0,1745.44,1760.18,2695799,314.43,317.99,314.17,317.14,82589898,354.92,362.74,353.23,359.67,7650921
1765.0,1768.99,1755.0,1760.93,2377943,316.87,318.67,316.02,317.28,68681546,361.05,365.21,354.64,358.37,6236035
1767.0,1769.5,1757.05,1769.21,2730112,319.22,320.15,319.17,319.51,63057627,362.55,383.61,362.5,381.51,17336420
1778.01,1792.0,1777.39,1790.66,3202975,319.92,320.25,319.48,319.56,46694452,378.77,385.5,375.9,378.9101,8043941
1795.45,1797.86,1782.36,1782.36,2834170,320.0,320.25,319.53,319.57,39420041,380.73,395.22,380.58,393.1,13233307
1780.5,1792.99,1774.06,1792.29,1947166,319.8,320.98,319.75,320.91,64033211,397.09,406.85,396.5,404.02,17366642
1799.64,1802.97,1782.45,1786.57,3782377,320.46,321.9742,320.37,320.95,103685405,410.29,413.0,400.185,405.55,13344703
1788.26,1793.0,1784.51,1793.0,1759437,321.59,321.65,321.06,321.22,39140644,411.78,422.01,410.0,419.18,12734119
1793.81,1795.57,1787.575,1789.63,800738,321.47,321.52,320.9,321.26,16067681,418.84,425.47,412.6875,425.18,7833308
1801.2,1870.46,1799.5,1869.02,6125518,321.65,322.93,321.64,322.91,27114092,427.91,433.48,426.35,430.8202,10131052
1882.92,1901.4,1866.01,1869.26,5755838,323.74,323.8,322.28,322.86,35123062,435.25,435.31,426.11,430.23,9209880
1874.0,1884.0,1840.62,1847.18,3444132,322.95,323.1,320.55,321.1,41848090,428.81,429.0,409.2589,414.62,12082466
1841.99,1853.26,1832.23,1847.64,2138549,320.53,322.13,320.15,321.89,38134256,405.0003,421.29,402.08,418.17,9761539
1874.79,1898.0,1864.15,1897.71,3583611,323.54,324.85,322.53,324.84,48217559,424.95,430.6957,421.71,430.24,9113793
1864.5,1886.1965,1864.5,1874.93,3293469,321.16,323.64,321.1,322.44,58408809,440.5,454.0,436.92,442.75,16409329
1860.0,1903.69,1860.0,1903.33,3598872,320.49,323.73,320.36,323.67,43105385,440.47,451.56,440.0,451.4001,9807049
1904.5,1913.89,1892.0433,1906.86,3569706,323.02,323.54,322.24,322.76,33909984,461.4,471.63,453.355,469.17,16859537
1898.68,1910.9999,1886.4448,1892.09,3100021,322.94,325.78,322.67,324.42,56581814,473.7,498.49,468.23,492.09,29804104
1909.89,1917.82,1895.8038,1901.0,2913887,326.16,326.73,325.52,326.62,43365068,497.1,498.8,472.87,481.49,26901507
1905.37,1906.94,1880.0,1882.98,2652859,327.2899,327.46,325.2,325.7,44989039,481.79,484.94,473.7,477.96,12365563
1891.31,1898.0,1880.8,1891.41,2515868,326.39,327.96,325.92,327.94,36691541,493.5,525.63,492.0,524.85,25531104
1885.96,1887.11,1858.55,1869.2,3123178,327.47,328.62,326.844,327.43,53797230,544.255,547.41,524.9,538.0,27042937
1872.13,1878.86,1855.09,1862.01,2658380,327.35,329.02,327.26,328.17,58544879,529.76,537.84,516.7853,518.505,16462639
1882.99,1885.59,1866.02,1877.95,2419044,329.7,330.91,329.45,330.9,41650723,494.08,514.46,492.17,513.49,20068904
1885.89,1886.64,1857.25,1864.71,3437411,331.7,332.18,331.07,332.01,61972948,507.61,515.6699,503.16,510.19,12517514
1865.0,1894.27,1860.0,1892.55,5977747,330.9,332.18,330.82,331.31,61781634,530.23,548.58,528.41,547.3007,33002168
1896.09,1902.5,1883.34,1887.46,5797891,332.24,332.95,331.17,331.39,43124687,571.51,594.5,559.1,569.43,59686356
1885.11,1889.975,1872.76,1884.58,4048982,330.63,331.92,329.41,331.74,41825254,564.08,582.0,555.6027,571.9422,37423500
1890.28,1894.99,1847.44,1861.64,6851714,332.44,332.53,327.36,328.75,75281306,570.63,573.86,554.26,564.96,27306834
1820.5,1841.0,1815.34,1828.89,3002750,323.03,325.12,322.66,323.52,68815393,541.99,564.44,539.28,557.54,12311739
1840.5,1858.11,1830.02,1853.33,2356589,325.06,327.85,324.55,326.89,54777923,568.44,576.81,558.08,566.82,11093082
1864.0,1874.75,1855.02,1858.0,1820096,328.38,328.63,326.4,326.62,43526297,575.69,589.7999,567.43,581.0,13250284
1858.0,1872.87,1850.61,1870.8896,3255311,324.36,327.91,323.54,327.66,67790010,632.42,650.88,618.0,640.93,26845261
2051.47,2055.72,2002.27,2007.75,14449332,327.0,327.17,320.73,321.74,94752845,638.68,653.0,632.52,650.48,15067058
2010.6,2048.5,2000.25,2003.25,5527745,323.35,326.16,323.22,324.14,59060165,673.69,786.14,673.52,780.28,45229406
2029.81,2059.8,2015.37,2049.78,4958935,328.07,330.01,327.72,329.08,52512833,882.96,968.9899,833.88,887.72,53837004
2071.02,2071.02,2032.0,2039.62,3950987,332.27,333.09,330.67,332.82,52702659,822.8,845.98,704.1106,734.72,44703541
2041.02,2056.3,2024.8,2050.37,2827062,333.91,334.19,332.8,333.96,42644695,699.92,795.83,687.0,748.5,38382071
2041.99,2098.53,2038.1,2079.21,4794674,332.82,333.9941,331.6,332.2,51735741,731.0,769.75,730.0,747.9808,16311618
2085.01,2135.6,2084.96,2134.55,4671496,331.23,334.72,331.19,334.69,34150738,800.41,819.99,752.4,770.8467,23238209
2150.9,2185.95,2136.0,2152.27,5584290,336.16,337.02,334.75,335.29,48887097,768.5,783.5061,758.0,774.02,11177954
2163.95,2180.2495,2155.29,2161.34,3101082,336.83,337.65,336.43,337.41,34994420,778.0,789.75,763.37,767.44,11193209
2146.0,2170.28,2142.0,2151.12,2688038,335.8621,338.12,335.56,337.08,45560340,741.84,818.0,735.0,803.86,24953651
2155.68,2159.0352,2125.89,2135.48,2362540,337.51,337.73,336.2,337.6,51458637,787.22,812.97,785.5,799.9724,14271351
2127.98,2166.07,2124.105,2155.67,2674865,336.51,337.6677,335.21,336.7,48549842,841.6,860.0,832.36,858.66,14593786
2167.8,2185.1,2161.12,2170.21,2261147,337.79,339.08,337.48,338.31,36077810,923.5,944.78,901.02,916.96,23657004
2172.67,2176.79,2127.45,2153.59,2908965,337.7423,338.64,333.6817,336.98,67359056,911.81,912.0,859.94,899.18,16797173
2141.0,2144.55,2088.0,2095.97,4363040,335.47,335.81,332.58,333.49,93107633,906.74,913.06,880.45,901.0,13379998
2003.18,2039.295,1987.9742,2008.74,6047539,323.14,333.5623,321.24,322.41,134914814,839.0,863.5,822.2,833.16,14109712
2026.42,2034.6,1958.42,1970.65,5858950,323.94,324.61,311.69,312.7,193671224,849.18,856.6,787.0,799.11,16703593
1970.01,2014.67,1960.45,1979.61,4906059,314.18,318.11,310.7,311.55,169524961,783.0,813.31,776.11,778.8,13266973
1934.38,1975.0,1882.7621,1882.88,7600123,305.46,311.5637,297.52,297.55,249706794,730.0,739.77,669.0,678.85,22838989
1814.63,1889.76,1811.129,1889.18,8494919,288.7,297.892,285.54,296.16,332038241,629.7,690.52,611.52,667.43,23087454
1905.26,1954.51,1870.0,1954.0,6115818,298.21,309.16,294.46,309.08,205636837,711.26,743.69,686.67,743.69,18641901
1973.0,1996.33,1888.0901,1908.88,6986980,309.5,313.84,297.57,300.34,271529926,805.5,806.98,716.1106,745.51,23727404
1946.57,1978.0,1922.0,1976.46,4261291,306.12,313.1,303.33,312.91,147338447,763.9603,766.52,724.7345,749.5,13975877
1933.0,1960.72,1910.0,1924.03,4275800,304.98,308.47,300.01,302.45,159971245,723.5,745.75,718.07,723.62,10164674
1875.0,1910.87,1869.5,1901.14,4771029,293.15,298.78,290.23,297.42,198657535,693.0,707.0,684.27,703.39,23777510
1768.6001,1862.77,1761.29,1800.01,13436736,275.3,284.19,273.45,274.4,277300725,605.39,662.998,605.0,606.46,15637810
1870.0,1894.27,1818.17,1894.0,6442309,284.64,288.52,273.5,288.44,246644123,659.43,668.0,608.0,645.0,14714548
1857.85,1871.3195,1801.5,1819.63,5114340,280.7,281.94,270.88,274.36,231055382,640.2,653.58,613.0,633.905,12845088
1721.98,1765.0,1675.0,1676.21,10301824,256.0,266.66,247.68,248.1,346670590,580.0,594.5,546.25,556.01,17650406
1755.0,1786.31,1680.62,1786.31,7834519,263.09,271.08,249.58,270.93,285392181,595.0,607.57,502.0,546.2,21281778
1642.0,1759.4519,1626.0319,1688.0,8030027,241.18,256.9,237.36,239.41,261784489,469.4997,494.8699,442.17,444.9801,38445545
1776.0,1857.775,1689.2402,1807.38,20134204,245.04,256.17,237.07,254.19,231018081,440.01,471.85,396.0,430.0,23150951
1750.0,1841.66,1745.0,1832.39,7949578,236.25,248.37,228.02,241.01,298252778,389.0,404.86,350.51,361.6,39969144
1858.33,1945.0,1832.65,1880.5,9312968,239.25,247.38,232.22,241.16,261233795,374.6965,452.0,358.46,427.295,28716890
1925.0,1957.0,1820.73,1846.09,9098838,242.53,244.47,228.5,228.94,302880969,438.2,477.0,425.79,427.53,27182628
1827.75,1919.4,1812.0,1902.54,7171193,228.19,229.6833,218.26,222.51,280560712,433.55,441.9999,410.5,434.29,15611610
1951.31,1955.0,1900.3403,1940.0,6411717,234.42,244.1,233.8,243.59,211595249,476.3,513.69,474.0,504.3,21685259
1920.69,1950.26,1885.78,1885.78,5985263,244.87,256.35,239.75,246.77,277138668,545.25,557.0,511.11,539.175,19706795
1902.0,1956.49,1889.29,1955.225,5377163,249.52,262.8,249.05,261.39,221727030,547.39,560.0,512.25,528.05,16688863
1931.0,1939.79,1899.92,1899.92,4672178,253.27,260.81,251.05,253.39,191462093,505.0,525.8,494.03,514.56,13608376
1922.48,1973.63,1912.34,1964.78,5244822,255.7,262.43,253.53,261.68,139095982,510.26,516.6471,491.23,502.1,11162231
1964.35,1993.02,1944.01,1949.79,4471543,260.56,263.33,256.22,257.7,159223028,501.25,542.96,497.0,524.48,16421035
1933.0,1944.96,1893.0,1906.58,3729348,247.98,257.6591,243.9,246.12,170515975,504.0,513.9548,475.1,481.58,12570750
1901.64,1927.5258,1890.0,1918.83,8042698,245.19,252.68,244.59,251.87,155820022,481.03,494.2599,446.4,454.47,15413671
1911.15,1926.33,1889.15,1906.6,3159348,250.76,253.32,245.22,248.21,119985873,509.5,515.49,468.3901,480.0,21274333
1936.0,1998.52,1930.02,1998.49,5120376,257.84,267.0,256.725,264.96,158180083,511.16,521.0,497.96,516.24,27631958
2017.26,2035.72,1997.62,2011.6,4710631,274.21,275.03,264.89,265.1,179838774,545.0,565.0,532.34,545.47,17334969
2021.0,2044.0,2011.15,2042.9,3693156,267.96,276.0,265.56,274.07,136878928,554.2,557.2081,533.33,548.7,24384936
2046.0,2053.0,2017.66,2042.82,4188295,277.58,281.2,275.47,278.24,162670069,562.09,575.1818,557.11,573.01,12745268
2039.87,2180.0,2038.0,2168.01,6310824,277.14,277.51,271.41,275.57,103999212,591.0,652.0,580.53,650.9899,21175579
2200.47,2292.0,2186.21,2283.31,15168337,280.98,284.9,279.91,283.87,121013344,698.97,741.88,692.43,709.755,57451900
2257.68,2333.369,2245.0,2309.27,12634637,277.57,283.9407,275.46,277.75,108679822,742.0,753.13,710.0,729.5254,43359242
2346.0,2460.998,2335.0,2408.19,33024507,279.15,280.03,275.76,279.21,109344567,716.94,759.45,706.715,745.6545,57474573
2372.33,2400.0,2316.02,2372.87,27969629,285.38,287.3,282.4,286.73,127775010,772.28,774.95,747.66,753.65,24322747
2389.95,2444.98,2386.05,2393.08,15428327,282.61,286.7912,281.35,281.61,88642290,732.7,765.57,712.21,746.35,28421310
2416.61,2428.3098,2279.66,2329.36,20725717,276.73,278.04,272.02,273.02,114645831,730.12,753.33,673.79,686.72,58529442
2369.0,2394.0,2351.0,2366.54,13904142,278.35,281.0,276.91,279.17,81404148,703.98,733.89,688.71,732.15,38252230
2399.98,2424.22,2382.08,2399.44,8913313,280.49,283.94,278.75,279.06,97161664,727.6,734.0,703.13,705.63,38120713
2417.0,2420.433,2382.0,2410.0,10481568,280.73,283.7,278.5,283.04,72860001,710.81,730.73,698.18,725.0,25102459
2443.2,2444.88,2363.0,2376.82,10185891,285.12,288.27,284.62,287.11,67454166,737.61,799.49,735.0,798.92,58450139
2372.1,2373.5,2306.0,2314.08,4643171,291.02,291.4,285.4,285.77,95561389,795.64,805.0,756.69,769.11,14526538
2330.01,2391.89,2310.0,2371.88,7930384,291.53,294.88,290.41,293.19,102013837,790.17,803.1999,783.16,799.84,12096180
2419.84,2471.5,2396.01,2471.5,6873149,291.71,293.3239,288.59,290.39,101677550,855.19,869.82,763.5,781.06,53718332
2336.8,2362.44,2258.1902,2285.94,18176321,285.31,290.6572,281.52,282.73,111321036,755.0,772.77,683.04,701.31,31742479
2256.38,2326.98,2256.38,2315.99,4478248,280.74,283.9,279.13,283.66,70199660,701.0,762.0,698.0,761.21,36511504
2340.0,2351.0,2307.125,2317.64,5909618,286.64,289.25,285.75,286.22,72232658,789.79,798.92,762.18,768.06,16328797
2329.44,2357.45,2320.0,2350.97,2897787,288.04,288.46,283.78,284.29,65371977,776.5,789.8,761.11,782.45,21416699
2374.78,2376.0,2343.11,2367.61,5882764,287.75,289.78,287.13,287.7,68883538,777.21,796.4,772.35,780.215,11124597
2372.14,2387.2449,2357.0,2379.5,2751843,291.09,292.95,289.86,292.47,61414425,793.77,824.0,787.01,819.25,31166079
2374.7,2419.665,2372.11,2406.9375,2942003,290.34,294.0,289.88,292.56,62352506,790.51,824.0,785.0,810.48,31241342
2411.85,2419.0,2355.61,2357.505,5466390,293.79,294.24,286.55,286.62,81606248,827.0,843.29,808.0,809.21,15080918
2366.8,2407.7,2337.805,2366.17,4474923,286.06,287.19,278.965,281.67,125466121,820.83,826.0,763.3,790.62,18430885
2361.01,2391.37,2353.21,2391.37,3179099,278.95,285.11,272.99,285.05,110106023,780.0,803.36,764.0,803.04,13077331
2368.52,2411.0,2356.37,2410.41,3788139,282.37,286.33,281.34,286.26,91154055,790.35,805.0486,786.552,799.034,20204818
2404.3457,2433.0,2384.01,2426.38,8093054,293.05,296.75,292.7,294.995,100556561,827.78,834.7201,803.88,813.51,10969747
2429.83,2484.995,2428.97,2448.59,4098905,294.35,296.205,291.95,292.02,78858186,815.17,822.07,806.08,808.0,9331427
2477.87,2500.01,2467.27,2497.35,7341200,295.82,297.87,295.57,296.96,66280413,820.5,826.0,811.8,815.46,13799592
2500.0,2525.45,2442.54,2448.01,9538349,296.79,297.67,293.6886,294.79,68594382,816.0,832.5,796.0,827.75,23543511
2455.01,2469.85,2430.13,2436.89,5253352,294.57,295.63,293.22,295.42,53343811,822.1735,831.78,812.0,816.4,19439642
2458.0,2462.0,2414.06,2423.7,3153936,301.93,302.19,298.69,299.15,80281181,834.5,834.6,815.705,818.74,7532731
2404.99,2413.58,2330.0,2409.51,4754020,302.12,303.57,296.87,303.48,92140472,820.86,827.71,785.0,819.955,11092116
2384.33,2436.97,2378.23,2401.05,2866537,304.65,306.84,302.24,302.96,80456712,813.51,824.75,801.69,805.975,7013890
2415.94,2439.0,2398.1973,2436.53,5483326,302.46,304.96,299.47,304.16,101356845,808.75,835.0,804.21,834.1905,10523947
2448.0,2476.93,2444.17,2470.12,5441594,303.62,306.205,303.06,305.58,46186733,858.0,899.0,854.1,897.875,13962296
2467.0,2473.53,2445.31,2473.3,4430214,306.55,308.13,305.1,308.13,66042497,894.7,908.66,871.0,881.4,13049927
2468.01,2488.0,2461.17,2478.4,4700140,310.24,313.22,309.94,312.2117,79223813,888.12,897.94,880.1,882.51,15342518
2477.43,2507.54,2450.01,2460.6,5957350,311.11,313.0,309.08,311.31,68304792,889.88,895.75,858.44,864.27,8667226
2444.51,2488.645,2437.13,2481.415,2821697,317.23,321.275,317.16,319.27,122191709,877.84,886.52,866.2,885.335,7366347
2500.2,2530.0,2487.335,2522.8,3362615,320.22,323.41,319.63,323.25,64329574,919.0,950.0,909.16,948.45,26318875
2529.44,2626.43,2525.0,2603.39,9564493,320.3,323.2849,319.36,320.81,67642220,940.01,954.4399,923.931,941.5524,21496458
2645.0,2722.35,2626.26,2648.16,9144811,321.42,322.39,318.2209,319.01,84064921,991.88,1027.48,982.5,1024.974,17023324
2603.5,2671.38,2536.23,2558.47,5177179,311.46,312.15,300.01,300.62,182628939,990.2,1018.9599,972.11,972.41,29440376
2601.21,2621.4766,2566.0,2566.705,2752912,308.24,309.08,298.6,304.28,168502612,980.0,987.98,936.25,936.25,5885153
2526.6,2584.0,2508.0,2572.62,6856018,298.02,308.28,296.74,307.03,123098924,917.79,998.84,908.5,990.75,14933856
2620.0,2620.0,2576.0,2615.13,3175918,315.48,315.64,307.67,312.93,121907854,1011.85,1012.88,962.39,981.51,26814330
2647.5,2655.0,2631.82,2641.72,5090473,314.07,314.39,310.86,311.56,74047487,987.71,1005.0,982.571,990.56,9026154
2647.01,2659.64,2636.11,2655.0,2114206,310.005,312.3,309.51,311.74,64298819,1003.0,1019.2,994.4708,1004.02,18626163
2678.08,2697.43,2659.0,2671.86,8507797,314.17,314.38,306.53,308.56,111140318,1012.78,1015.9699,991.34,1000.57,7941809
2684.5,2713.98,2669.0,2712.0,2754781,307.99,311.05,306.75,310.68,64108242,999.95,1008.88,990.02,994.54,6108565
2726.02,2783.11,2718.04,2764.42,3945888,313.49,314.5,311.6101,312.03,59566038,998.88,1012.0,994.0101,1001.66,6015204
2780.0,2796.0,2721.0,2733.49,4148702,309.84,310.51,302.1,304.12,114533687,994.11,1000.8846,953.1414,960.85,10724665
2739.55,2756.23,2712.14,2756.16,2695963,303.47,307.64,301.28,307.31,78829599,954.27,985.98,937.15,985.98,8834648
2775.056,2782.5688,2688.0,2692.87,5446380,306.16,306.39,299.42,300.01,108141755,994.78,995.0,954.87,960.76,7736337
2690.01,2696.8,2630.08,2681.52,3895727,301.41,304.45,298.93,304.43,67646711,969.01,1010.0,948.5201,1009.89,8732336
2685.065,2769.63,2675.03,2756.09,3188724,303.99,310.2,303.82,308.57,84957211,1006.5,1087.69,1003.73,1079.0,16212153
2757.99,2895.0,2754.0,2879.2,6112148,309.57,311.89,309.07,310.57,61458161,1083.0,1135.33,1080.5,1119.54,12887738
2912.01,2955.56,2871.102,2887.56,6173373,314.24,315.7,311.51,312.18,58949794,1221.48,1228.0,1185.6,1208.8,15501212
2934.97,3059.88,2930.0,3057.16,6493685,316.37,317.68,315.56,316.99,51838455,1276.69,1377.79,1266.044,1371.0,18885360
3058.55,3069.55,2990.0,3000.12,4875944,315.38,317.52,313.37,313.72,71580669,1405.01,1429.5,1336.71,1389.69,20456393
3022.61,3083.97,3012.4302,3081.88,4687637,314.61,316.3,312.7,316.12,48600828,1405.0,1417.26,1311.34,1365.8054,15747236
3115.99,3193.88,3074.0017,3183.81,6101864,316.84,317.1,310.68,314.42,74219671,1396.99,1408.56,1351.28,1393.81,11159292
3191.76,3215.0,3135.7,3203.36,5135404,314.31,317.88,312.76,317.61,50032995,1396.0,1548.915,1376.0101,1546.01,22730537
3251.06,3344.29,3068.3901,3101.55,7304358,320.13,322.71,314.13,314.81,87626307,1659.0,1794.99,1471.1101,1494.1,37309610
3089.0,3127.38,2950.0,3084.02,6842135,313.3,319.76,312.0,318.89,79292036,1556.0,1590.0,1431.0,1516.385,21744713
3080.23,3098.35,2973.1802,3008.87,5493280,322.41,323.04,319.265,321.865,75854842,1543.0,1550.0,1457.0,1546.875,15414147
2971.06,3032.0,2918.23,2994.55,5979324,319.79,321.28,319.09,320.76,45895960,1477.16,1531.71,1466.0,1498.7701,13387034
3009.0,3024.0,2948.45,2961.47,4387781,321.88,322.57,319.735,321.67,53682925,1513.45,1537.51,1490.0,1500.45,8970942
3000.2,3201.3599,2994.017,3195.01,7081997,321.43,325.13,320.62,324.36,47626373,1519.01,1650.0,1488.0,1642.47,16357003
3232.49,3240.5757,3105.72,3141.43,5766866,326.45,326.93,323.94,324.96,49155550,1639.93,1675.0,1558.0,1567.58,15315602
3125.0,3150.0,3065.26,3100.23,3731096,324.62,327.2,324.5,326.82,76092164,1599.0,1626.42,1562.0,1590.58,11174728
3098.2712,3098.2712,2977.9639,2987.725,3491415,326.47,327.23,321.72,322.935,81505661,1678.95,1689.0,1502.64,1513.68,17448163
2930.0,3031.58,2888.0,3008.92,5356527,320.95,321.99,319.246,320.86,117984836,1416.01,1465.0,1366.54,1415.56,18634529
3062.0,3098.0,3015.77,3053.89,3843776,321.63,323.41,320.775,323.18,42586195,1435.0,1547.94,1413.0002,1539.91,15007344
3054.27,3077.0925,2995.76,2999.62,2874548,322.43,323.64,320.85,321.2,89313354,1504.0,1564.7,1474.42,1475.35,15010091
3030.99,3039.1592,2996.77,3034.27,2761363,322.12,325.73,322.075,325.09,87237532,1501.0,1534.81,1487.0,1499.99,9158146
3014.0,3092.0,3005.0,3052.65,4619962,321.9,324.41,319.64,323.98,106103025,1488.0,1513.24,1471.0,1487.42,7337598
3244.0,3246.82,3151.0,3164.68,7390222,325.9,326.61,321.33,326.55,129516546,1515.0,1517.05,1420.98,1432.0,11885250
3180.51,3184.0,3104.0,3111.42,3755142,328.32,329.62,327.73,328.76,71741125,1449.2,1509.81,1444.3844,1484.98,6757657
3101.21,3167.24,3101.21,3138.82,4498038,327.86,330.06,327.86,330.03,73684427,1495.01,1527.41,1462.0,1486.25,8233969
3143.77,3213.586,3127.3,3205.83,3729635,331.47,332.39,331.18,332.06,72846458,1492.99,1499.8384,1468.31,1485.18,4824461
3194.36,3247.47,3165.43,3224.35,3776929,331.4799,334.46,331.13,334.31,76900649,1490.83,1517.31,1477.26,1489.69,5817775
3224.01,3240.81,3140.6726,3165.75,3698110,333.28,334.88,332.3,334.55,98710236,1499.5365,1499.75,1415.01,1453.1,8707648
3134.66,3155.33,3101.52,3149.87,2275412,335.12,335.77,332.955,335.55,67942292,1427.54,1439.99,1385.84,1419.0,6238730
3113.2,3159.22,3073.0,3080.67,3384016,336.85,337.54,332.01,332.82,118234337,1396.0,1420.0,1365.0,1374.0,7081523
3108.0,3174.385,3101.42,3161.0,3099388,335.44,338.28,332.8377,337.42,91230107,1470.0,1585.0,1435.0,1554.423,21016580
3182.99,3217.521,3155.0,3161.02,2859738,336.61,338.2514,335.83,336.86,72475270,1611.0,1651.18,1567.26,1620.71,19063440
3178.18,3178.2356,3120.0,3148.0,2453638,336.41,337.42,335.65,336.86,83898075,1664.99,1668.8,1626.64,1651.5,11738513
3173.12,3194.97,3154.1775,3181.16,2307380,337.94,338.34,336.8517,337.88,56151840,1677.0,1845.86,1672.83,1835.86,19482112
3212.0,3320.0,3205.8186,3312.49,5011644,338.34,339.1,336.61,338.62,66539876,1898.99,1923.9,1845.11,1888.11,15300121
3303.01,3315.9,3256.0,3260.15,3836717,339.05,339.61,336.62,337.22,115453214,1865.0,1911.0,1841.21,1879.0,11776286
3252.0,3312.62,3238.0,3296.05,3010116,335.36,338.8,335.22,338.25,71552086,1860.68,2021.99,1857.06,2001.3,20432043
3295.0,3314.3962,3275.39,3284.59,3298563,337.92,339.72,337.55,339.44,85164214,2044.76,2095.49,2025.05,2050.0,20572968
3310.15,3380.315,3257.5608,3307.45,4293678,342.12,343.0,339.4504,342.94,79073131,2126.275,2129.0,1927.52,2015.695,19295383
3294.99,3357.4,3267.0,3346.05,3781529,343.53,344.21,342.27,344.0999,64468899,1974.89,2027.95,1968.0,2024.09,10051608
3351.11,3451.7388,3344.5674,3442.06,6420990,344.76,347.86,344.17,347.56,87596268,2060.0,2166.0,2053.6292,2151.93,13768358
3450.05,3453.0,3378.0,3400.7,3948873,348.51,349.9,346.53,348.29,103934256,2180.46,2295.6,2142.5,2239.76,23059123
3423.0,3433.3699,3386.5,3401.8,2555139,349.44,350.72,348.15,350.54,84439190,2295.12,2318.49,2186.52,2213.52,19360294
3408.99,3495.0,3405.0,3441.91,3853016,350.35,351.3,349.09,349.34,103053041,444.61,500.14,440.11,498.51,111197923
3489.58,3513.87,3467.0,3500.47,3176312,350.21,352.69,349.24,352.56,92440865,502.14,502.49,470.51,475.04,81257715
3547.0,3552.25,3486.685,3529.34,3607645,354.67,358.75,353.43,357.68,125347727,478.99,479.04,405.1206,447.245,92367647
3485.0,3488.41,3303.0,3369.17,7553385,355.87,356.38,342.59,345.41,254965602,407.23,431.8,402.0,407.0,80478522
3318.0,3381.5,3111.13,3294.62,8364379,346.13,347.83,334.87,342.6,238539213,402.81,428.0,372.0201,417.9307,101060529
3144.0,3250.845,3130.0,3149.84,5531793,336.71,342.64,332.88,333.26,196953429,356.0,368.74,329.88,330.02,103446741
3202.99,3303.175,3185.0,3268.27,4679433,337.55,342.46,336.61,339.76,156548054,356.6,369.0,341.51,366.21,73161075
3336.52,3349.89,3170.55,3176.12,4143393,342.15,342.53,332.85,333.92,148070421,387.72,398.99,360.56,370.5,67341190
3208.69,3217.3408,3083.98,3117.28,4802863,335.82,336.97,331.0,334.08,140223556,381.94,382.5,360.5,372.4101,58016059
3172.9373,3187.39,3096.0,3102.97,4155895,337.49,340.38,334.2208,338.42,110083883,380.95,420.0,373.3,419.765,79130201
3136.16,3175.02,3108.92,3153.28,3623915,341.12,342.02,338.4683,340.15,43908367,436.56,461.94,430.7,449.38,93230923
3179.99,3187.238,3074.15,3077.14,4013159,341.51,343.06,338.52,338.81,70521698,439.87,457.79,435.31,441.76,68279651
3009.25,3029.432,2972.55,3010.56,5878006,333.56,337.6996,332.991,335.86,80778657,415.6,437.79,408.0001,423.43,72114062
3031.74,3037.8,2905.54,2952.64,7048417,335.37,335.49,327.97,330.69,88780313,447.94,451.0,428.8,440.9701,79958470
2906.5,2962.0,2871.0,2962.0,5556010,325.7,327.09,321.73,327.0,86591719,453.13,455.68,407.07,449.41,100472833
3033.835,3133.99,3000.2,3129.0,6434345,328.57,330.9,325.86,330.33,55495234,429.6,437.76,417.6001,423.974,66208306
3120.43,3126.999,2992.376,2997.44,5139526,330.9,331.2,322.1,322.66,78352297,405.16,412.15,375.8801,380.3885,88358954
2977.79,3069.3,2965.0,3018.58,5243062,321.22,326.797,319.8,323.52,69365554,363.8,399.5,351.3,387.63,93527446
3054.86,3101.54,2999.0,3094.65,4132029,322.58,329.58,321.64,328.69,59224994,393.47,408.7323,391.3,407.18,64600754
3148.85,3175.04,3117.1685,3175.04,3460095,333.22,334.96,332.15,334.2,55126711,424.62,428.08,415.55,421.0602,46468845
3175.39,3188.26,3132.54,3142.92,2988446,333.97,334.77,331.6209,332.39,40442428,416.0,428.5,411.6,418.99,47939292
3141.14,3212.88,3133.99,3147.425,4021286,333.09,338.29,332.88,334.89,78401575,421.32,433.93,420.47,428.97,45355318
3208.0,3224.0,3172.0,3222.01,4447323,337.69,338.74,335.01,337.03,77057063,440.76,448.88,434.42,447.81,46917693
3153.63,3195.7964,3123.0,3125.93,4742517,331.7,337.0126,331.19,333.87,72797429,421.39,439.13,415.0,415.2699,64001779
3145.84,3202.53,3140.85,3199.2,3257694,336.06,339.96,336.01,339.73,38540997,423.35,433.64,419.33,425.5,42071439
3165.0,3182.0,3090.0,3099.29,4281272,339.92,342.17,334.38,334.94,74231873,423.79,428.7799,406.05,413.7001,46076914
3135.0,3200.0,3132.385,3192.51,3910789,338.12,341.63,338.09,340.73,40579189,419.87,429.9,413.845,425.19,40832057
3225.0,3233.2944,3174.99,3190.55,2837992,342.85,343.85,341.86,343.73,35858727,438.44,439.0,425.3,425.92,38297823
3210.0,3288.99,3197.83,3287.82,4342333,345.56,347.35,344.89,346.84,45969566,430.13,434.5899,426.4601,433.96,27687361
3349.94,3496.24,3339.55,3442.93,7483386,349.59,354.02,349.06,352.43,61163344,442.0,448.74,438.58,442.0,36564876
3467.09,3492.38,3424.217,3442.64,4939710,352.28,352.4651,349.09,350.15,62272512,443.5,448.89,436.6,446.65,32501386
3448.9,3464.88,3340.0,3363.05,5167878,350.75,351.93,347.14,347.97,47281475,449.78,465.9,447.35,461.47,45481608
3292.01,3355.88,3280.0,3338.62,4399240,343.71,348.02,343.13,347.51,50665477,450.3,456.57,442.5,448.88,33286568
3362.64,3399.6606,3160.0,3160.0,5426210,348.96,350.75,347.1,347.25,62467863,454.48,455.9499,438.85,439.91,30604148
3299.61,3329.0,3192.735,3207.3,4104388,348.62,349.33,341.04,342.02,51690440,446.24,447.0,428.87,430.83,30760868
3222.28,3266.0,3192.01,3216.26,3900027,343.46,346.88,342.64,343.34,48206853,431.75,431.75,419.0501,421.97,29334383
3206.26,3233.875,3160.0,3183.6,3568927,343.33,345.67,342.4,342.69,46745662,422.7,432.95,421.25,422.5,22771969
3188.41,3198.75,3121.955,3177.4,3584321,342.96,345.24,340.65,344.63,45094573,442.07,445.23,424.51,425.9,36750565
3189.48,3205.33,3140.0,3204.64,3013885,345.93,345.99,343.13,345.76,38718140,421.84,422.8859,407.3801,420.615,31969114
3199.63,3282.98,3153.3,3207.32,5228634,342.13,342.98,335.62,339.415,79491839,411.63,425.76,410.0,420.28,26973706
3224.94,3291.66,3211.3,3287.92,3742219,339.76,340.12,337.99,338.25,50634843,423.76,430.5,420.1,424.471,21007688
3249.29,3264.02,3162.47,3162.49,4840893,332.1,338.2483,326.13,326.67,107939571,416.48,418.6,406.0,406.0,23252693
3201.27,3257.25,3164.0,3212.79,5352688,326.91,333.395,325.09,329.99,74362731,409.96,418.06,406.46,410.64,20826471
3157.75,3167.004,3019.0,3036.13,7556383,328.28,329.69,322.6,326.53,93413096,406.8954,407.5915,379.11,388.04,40305209
3061.74,3079.705,2950.395,3004.48,6469197,330.2,332.36,327.24,330.21,69167640,394.0,406.9799,392.3,400.51,26759798
3018.53,3074.9,2980.98,3046.25,4399819,333.69,338.25,330.2935,335.97,74330624,409.73,427.77,406.69,423.74,32428696
3159.99,3244.85,3139.73,3241.16,5771116,340.86,347.94,339.59,343.495,101560371,430.62,435.4,417.1,420.91,29547113
3319.97,3366.8,3288.88,3322.0,4939019,349.25,352.19,348.86,350.21,67420157,428.3,440.0,424.0001,438.09,26009397
3304.64,3322.0,3232.0,3310.41,4119260,349.93,351.51,347.65,350.19,58137413,436.1,436.57,424.28,429.92,20292375
3231.03,3289.0,3112.1057,3141.34,5888038,363.97,364.38,354.06,354.54,140613847,439.5,452.5,421.0,421.39,31208837
3095.02,3114.0,3019.483,3035.18,5767971,353.49,355.18,350.51,354.07,69143380,420.09,420.09,396.0301,410.41,28649493
3061.78,3139.145,3050.0,3136.81,3575504,356.4,357.56,355.06,356.62,45627772,416.56,418.695,410.58,417.13,16073615
3159.95,3175.88,3086.05,3110.2,3797585,355.58,356.7182,351.26,353.28,57393573,415.05,423.0,409.52,411.73,18736964
3122.0,3141.7227,3085.39,3134.09,3101035,355.27,357.81,354.71,357.33,34319763,410.85,412.5319,401.66,406.78,17007748
3093.2,3142.7,3072.685,3132.99,3314168,360.98,362.49,359.59,362.43,55926517,408.93,412.45,404.0868,408.09,17531777
3183.5444,3189.25,3135.26,3135.66,2931983,359.97,361.92,358.34,360.64,54021793,460.17,462.0,433.01,441.57,57792306
3134.0,3140.0,3105.1,3105.1,2625670,360.91,361.5,356.24,356.29,57605438,448.35,496.0,443.5001,486.64,75901661
3105.31,3125.0,3080.92,3114.41,2667000,355.61,358.18,354.15,357.76,47610697,492.0,508.6112,487.57,499.16,59759624
3117.02,3132.89,3098.0457,3099.205,2850532,357.5,357.72,355.25,355.34,47947194,497.99,502.5,489.06,489.44,31084668
3116.6985,3139.745,3065.46,3100.18,4234476,357.28,358.79,354.865,357.47,49938331,503.5,526.0,501.79,521.67,46506862
3100.5,3134.25,3086.258,3116.86,3305787,360.21,363.805,359.29,363.19,49862168,540.4,559.99,526.2,555.86,49296561
3141.87,3198.0,3140.26,3184.82,3478095,363.13,363.16,361.48,362.65,35309156,550.06,574.0,545.37,574.0,45026821
3211.26,3216.19,3190.05,3195.95,2179416,363.84,364.18,362.58,363.65,46840189,581.16,598.78,578.45,585.75,34800710
3208.48,3228.39,3125.55,3168.03,3492689,362.83,363.12,359.17,362.0,67154075,602.21,607.8,554.51,566.48,56072877
3188.5,3248.95,3157.18,3220.08,4192750,365.57,367.68,364.93,365.97,64527332,597.59,597.85,572.05,585.19,37313883
3221.65,3232.0,3173.26,3203.75,2776516,364.82,366.96,364.2,366.7599,37323404,556.44,571.54,541.21,568.8,42857218
3205.46,3228.64,3181.31,3188.66,2578482,366.68,368.19,365.5,366.6698,52905586,590.02,598.97,582.43,593.28,38701927
3198.21,3198.21,3158.76,3163.49,2651712,367.32,369.85,367.22,369.83,40264568,591.01,599.0,585.5,599.0,27209889
3156.48,3180.76,3141.69,3158.77,2291149,369.02,369.62,367.72,369.12,40456544,604.9197,648.7856,603.05,642.0,52961574
3158.9,3184.13,3120.02,3176.64,2985433,367.72,370.78,367.67,370.1599,32702217,625.505,651.28,618.5,649.88,57528420
3167.89,3174.43,3088.0,3101.35,3743779,370.88,371.05,365.95,366.89,60700254,653.69,654.32,588.0,604.17,68444975
3088.99,3142.1,3076.0,3100.07,2616777,365.37,367.86,364.43,366.72,47851654,574.37,627.75,566.34,627.33,62320233
3096.66,3118.67,3072.82,3116.41,2829892,364.9,366.7402,363.26,366.28,47917103,615.01,624.0,596.8,610.0,44794782
3143.0,3190.47,3126.0,3156.97,3595275,368.64,369.8,364.47,364.61,54732478,619.0,642.7499,610.2001,639.79,50301458
3181.01,3188.5,3130.49,3166.45,2911200,367.4,369.5798,365.92,369.57,50997562,643.28,646.9,623.8,632.48,43018484
3176.01,3247.0,3163.68,3240.96,3845903,369.82,371.16,368.8676,370.14,47524603,628.23,632.5,605.0,622.67,40524638
3250.0,3263.51,3221.0,3237.015,3037171,371.94,372.46,371.05,372.21,50863245,628.19,658.82,619.5,655.725,53416582
3243.99,3249.42,3171.6,3201.07,4186849,370.97,371.15,367.02,369.13,89156141,668.9,684.75,628.54,664.99,104496947
3200.01,3226.9666,3166.0,3205.74,3242075,364.97,378.46,362.03,367.93,73946581,666.24,668.5,646.07,649.78,52689689
3202.8435,3222.0,3180.08,3206.52,2098711,368.21,368.3317,366.03,367.22,41116443,648.0,649.88,614.23,640.09,49801682
3205.0,3210.13,3184.17,3186.73,1836532,368.28,369.62,367.2172,367.53,37537811,632.2,651.4999,622.5701,645.98,31228561
3193.9,3202.0,3169.0,3171.16,1379521,368.08,369.01,367.45,368.9899,21047937,642.99,666.09,641.0,661.66,22073561
3194.0,3304.0,3172.69,3283.96,5387557,371.74,372.59,371.07,372.14,31589494,674.51,681.4,660.8,663.77,29644945
3309.94,3350.65,3281.223,3320.71,4605698,373.81,374.0,370.83,371.48,45214280,661.0,669.9,655.0,665.98,21166506
3341.0,3342.1,3282.47,3285.85,2897643,372.34,373.1,371.57,371.93,40295732,672.0,696.6,668.3603,694.71,41421498
3275.0,3282.9219,3241.2,3256.41,2636124,371.78,374.66,371.232,373.85,52720911,699.99,718.72,691.12,705.21,48019909
3270.0,3272.0,3144.02,3186.65,3974073,375.31,375.45,364.82,368.85,92938087,719.46,744.4899,717.1895,729.75,45293360
3166.01,3223.38,3165.06,3218.51,2325459,368.1,372.5,368.05,371.32,53668865,723.66,740.84,719.2,735.055,28402584
3146.48,3197.509,3131.16,3138.01,3919285,369.71,376.98,369.12,373.53,91989131,758.49,774.0,749.1,756.46,41989335
3157.0,3208.542,3155.0,3161.41,2951339,376.1,379.9,375.91,379.06,58862006,777.63,816.99,775.2,816.24,48080256
3180.0,3190.64,3142.2,3182.7,3261271,380.59,381.49,377.1,381.24,60275466,856.0,884.49,838.39,880.03,71814487
3148.01,3156.384,3110.0,3115.75,3263070,377.85,380.58,377.7189,378.74,44814805,849.4,854.43,803.6222,811.18,55755718
3120.0,3142.1418,3086.0,3120.88,3009716,378.89,379.86,376.36,378.81,45364896,831.0,868.0,827.34,849.22,43550554
3128.44,3189.95,3122.08,3166.24,2985766,378.69,380.86,377.85,379.76,38355050,852.76,860.47,832.0,854.42,31050197
3167.52,3178.0,3120.59,3129.32,2668943,380.59,381.13,378.1,378.45,41045335,843.39,863.0,838.75,844.21,29982086
3123.02,3142.545,3095.17,3104.54,3703097,376.72,377.58,373.7,375.68,78405054,852.0,859.9,819.1,826.16,36516827
3107.0,3145.0,3096.0,3121.0,2780438,378.34,379.23,376.75,378.63,42257108,837.8,850.0,833.0,844.5,23300603
3181.99,3279.8,3175.0,3264.73,4777430,381.11,384.79,380.69,383.86,53064901,858.74,859.5,837.28,850.65,23470840
3293.0,3348.55,3289.5674,3307.21,4330235,384.49,384.95,383.25,384.2,41800991,855.0,855.7199,841.4201,844.97,18601595
3304.31,3321.91,3283.1643,3290.0,2377222,382.25,384.1256,381.835,382.86,39108239,834.31,848.0,828.62,846.5,17732312
3328.5,3363.89,3243.1462,3293.1,3353964,383.67,384.77,378.46,384.4,61090775,855.0,900.4,838.8201,880.81,37892533
3296.356,3338.0,3282.87,3326.12,2616245,385.41,385.85,383.54,383.83,36871235,891.38,895.9,871.6,883.46,22006144
3341.49,3346.52,3207.08,3234.98,4066864,380.22,380.32,372.01,374.44,99246554,870.35,891.5,858.66,864.65,21415412
3235.04,3301.68,3228.69,3239.7,2742821,376.36,381.93,375.89,377.6,75229306,820.0,848.0,801.0,835.48,24222992
3230.0,3236.99,3184.55,3206.31,2855494,375.63,376.67,368.27,370.19,106397082,830.0003,842.41,782.27,793.311,20189293
3242.36,3350.26,3235.025,3342.88,3734204,373.72,377.34,370.376,376.18,64056510,814.29,842.0,795.5601,840.0166,24005893
3380.0,3427.74,3361.125,3383.23,5024907,379.65,383.22,376.3181,381.54,53979346,844.68,880.5,842.2006,872.79,22980206
3425.01,3434.0,3308.62,3311.26,6445905,382.435,383.7,380.48,381.86,43305661,877.02,878.08,853.0646,854.7,17541681
3330.0,3347.0,3277.75,3330.84,3481246,382.96,386.24,381.9655,386.17,40030930,855.0,856.5,833.42,849.99,15232160
3319.0,3377.0,3302.71,3352.49,3369086,388.2,388.47,386.1444,387.68,39312522,845.0,864.77,838.97,852.61,17486867
3358.5,3365.0,3304.0,3323.49,3032558,389.27,390.54,388.35,390.53,33986650,869.67,877.77,854.75,863.3,18036775
3312.49,3338.0,3297.84,3305.0,2046628,389.61,390.89,389.17,390.25,30861522,855.12,859.8,841.75,849.25,14637362
3314.0,3317.9548,3254.0,3286.59,2828767,392.12,392.28,387.5,390.1,53797977,843.635,844.82,800.02,805.0,35012591
3292.0,3292.0,3248.06,3261.65,2137817,391.24,391.69,388.1,390.73,38939025,812.44,829.8799,801.725,811.65,19600887
3250.0,3280.25,3233.31,3278.38,2090930,389.85,392.9,389.77,392.69,39697380,801.26,817.33,785.3306,816.04,22494684
3254.05,3308.3,3253.591,3267.05,2271010,393.96,394.17,391.53,392.34,43206214,818.0,821.0,792.44,795.99,18606374
3263.6,3320.91,3259.4995,3307.8,3098210,390.42,392.66,389.33,392.43,44671866,779.09,799.84,762.01,798.25,24693013
3282.42,3338.0,3273.94,3329.43,2760173,389.59,391.515,387.74,390.75,52370380,780.9,794.69,776.27,787.3,16958719
3328.23,3333.5,3245.75,3251.0,3926662,392.07,392.38,389.55,390.02,66794115,795.0,796.7899,777.37,781.5,18042330
3208.13,3232.3198,3172.26,3182.39,3060818,387.06,389.62,386.74,387.11,56604869,762.64,768.5,710.2,714.71,34459602
3127.03,3204.73,3093.6,3195.65,4308229,384.66,388.945,380.2,387.5,98333278,662.13,713.6099,619.0,698.65,62398793
3166.75,3171.23,3125.38,3159.53,2674277,386.33,392.23,385.27,391.76,64527459,711.85,745.0,694.17,742.02,34346288
3136.74,3178.26,3047.76,3057.16,4060542,390.41,391.88,380.7789,382.39,137059806,726.15,737.2066,670.58,682.6,36814146
3095.2,3122.44,3036.7,3092.349,3796445,384.35,385.58,378.23,380.32,134902084,700.0,706.7,659.51,671.01,36281006
3127.89,3149.56,3097.99,3146.61,2457512,385.59,390.92,380.572,389.52,92437154,690.11,719.0,685.05,718.43,25668436
3143.47,3163.52,3087.12,3095.99,2354430,389.82,390.07,386.0,386.55,70479806,718.28,721.11,685.0,686.05,22603566
3081.18,3107.775,2995.0,3005.01,3619826,385.79,386.83,381.31,381.45,105013641,687.99,700.7,651.705,652.22,28458545
3012.0,3058.13,2945.43,2977.04,5291821,381.22,384.0,371.88,376.73,168203161,655.8,668.45,600.0,621.49,64229830
3005.0,3009.0,2881.0,3000.45,5094668,380.46,384.76,372.64,383.595,133661539,626.06,627.8419,539.49,597.496,87887363
3015.0,3064.59,2951.31,2951.951,3754633,384.66,387.68,381.42,381.74,107185328,600.55,620.125,558.79,562.97,49103227
3017.99,3090.96,3005.1475,3062.67,3452858,385.85,389.91,381.7299,387.11,97898909,608.18,678.09,595.21,673.58,64124807
3098.45,3116.46,3030.05,3057.64,2678924,389.69,391.4,388.1702,389.5199,101349197,700.3,717.85,655.06,668.27,57415384
3104.01,3131.7842,3082.93,3116.48,2494485,392.23,395.65,391.74,393.5,77022138,699.4,702.5,677.18,699.6,34074629
3075.0,3098.98,3045.5,3091.23,2187125,392.07,394.21,391.2,394.09,56997361,670.0,694.88,666.1394,693.84,31862791
3074.57,3082.24,3032.09,3081.42,2584085,394.33,396.685,392.03,396.47,64471980,694.09,713.18,684.04,707.94,28269001
3104.97,3128.91,3075.86,3092.42,2306176,397.07,397.83,395.08,395.94,65719794,703.35,707.92,671.0,676.63,31258483
3073.22,3173.05,3070.22,3135.2,2832264,394.53,398.12,393.3,397.22,61876016,656.87,703.73,651.01,701.54,37888931
3101.0,3116.63,3025.0,3027.99,3341991,394.475,396.72,390.75,391.41,98794050,684.29,689.23,652.0,653.3,31802623
3029.23,3077.285,3016.63,3072.99,3524817,389.88,391.569,387.15,389.5,93819590,646.6,657.23,624.6201,654.97,37974884
3067.85,3126.58,3060.05,3111.37,2427729,390.03,394.07,389.97,392.54,61372559,684.59,699.62,668.75,670.0,36961750
3126.9,3182.0,3120.85,3137.5,3194548,391.91,393.46,388.66,389.59,78167035,676.19,677.8,657.51,662.475,27199416
3151.04,3160.31,3085.15,3087.17,2622965,391.0,392.75,387.49,387.53,84449100,667.91,668.02,630.11,630.12,31877075
3072.91,3109.78,3037.14,3046.26,3205209,385.98,390.55,383.9,389.63,99714368,613.16,645.5,609.5,640.09,36962396
3044.06,3056.66,2996.0,3053.14,2441802,390.93,396.41,390.29,395.99,90959116,641.87,643.82,599.89,618.8299,29641245
3055.4395,3091.25,3028.445,3076.76,2253856,394.4,396.75,392.81,395.77,85589461,615.64,616.48,596.02,611.51,27286657
3070.0,3073.0,3034.0,3054.7,2060154,394.42,395.45,393.02,394.4,62537671,601.87,637.66,591.01,636.15,37472280
3064.1,3119.33,3062.5,3095.65,2526462,395.34,398.0,395.31,396.28,88541243,646.24,672.0,641.11,668.11,31100505
3116.35,3162.44,3115.55,3161.55,2642215,398.4,400.67,398.18,400.53,72713146,688.37,692.4203,659.42,661.33,33557938
3173.5,3235.955,3161.24,3225.26,2813107,403.46,406.94,403.38,406.3,81754108,707.99,708.16,684.7,691.0,38597435
3223.75,3247.31,3217.04,3223.99,2095298,405.76,407.24,405.4,406.06,54199969,690.44,696.55,681.37,691.44,27094999
3230.38,3303.6125,3223.65,3279.39,3070221,405.94,406.96,405.45,406.5711,48749523,687.0,691.38,667.84,671.03,25217405
3309.14,3324.5,3292.0,3299.99,2543206,407.93,408.58,406.93,408.49,49538759,677.38,689.5499,671.645,683.77,22310546
3303.01,3372.09,3288.9,3372.09,3934619,408.39,411.67,408.26,411.435,52236800,677.77,680.97,669.43,677.02,20359010
3358.43,3395.04,3351.15,3379.39,2730031,410.85,411.93,410.2,411.62,51358274,685.72,704.8,682.09,701.5501,27539359
3402.0,3432.0,3395.63,3400.0,2965807,411.53,413.529,411.12,412.82,50616046,712.56,763.0,710.66,762.35,42500304
3403.63,3404.13,3326.0,3334.4,2601737,412.83,413.96,410.87,411.48,52950990,770.7,780.79,728.03,732.81,45997263
3371.0,3397.0,3352.0,3378.89,2645364,413.74,416.16,413.69,415.82,54833901,743.17,743.69,721.31,738.85,26407244
3381.63,3406.8,3355.59,3399.21,2726658,417.25,417.91,415.73,417.31,66624780,728.65,749.41,724.6,739.78,26925128
3390.03,3435.9333,3360.16,3373.94,2353485,416.26,416.74,413.79,415.24,66226327,719.64,725.4,691.8001,715.0,37393086
3372.26,3382.99,3316.0,3334.68,2239818,413.91,415.0859,410.59,412.22,69715050,717.42,737.25,710.685,718.79,34255500
3316.34,3362.86,3303.8062,3361.52,1862645,411.51,416.29,411.36,416.08,54772634,704.57,744.84,698.0,743.91,28236773
3372.89,3373.0,3301.45,3308.0676,2330967,415.88,416.78,411.13,412.3,90085820,741.45,753.77,718.04,719.78,34322506
3319.1,3375.0,3308.5,3340.52,2624789,412.87,418.25,412.79,416.72,62186191,719.75,737.36,715.46,729.4,25786127
3350.01,3428.45,3330.94,3408.96,4540005,417.44,418.22,416.8111,417.64,44689009,741.0,749.3,732.6053,738.0,25742500
3443.37,3460.0,3398.01,3417.43,3437224,417.91,418.14,416.3,417.48,45962264,718.03,724.0,703.3501,704.74,27617168
3433.24,3489.88,3425.0,3461.12,4240027,417.81,419.01,416.9,417.35,45533863,696.7,708.5,693.6,694.46,20641381
3503.99,3514.445,3435.0,3471.31,5461938,420.33,420.72,416.44,419.99,70607144,699.51,702.25,668.5002,677.03,27872102
3526.58,3554.0,3462.5,3470.02,6264077,417.63,418.54,416.34,417.3,73129109,667.83,715.47,666.14,709.89,38558089
3484.73,3486.645,3372.7012,3386.49,5542250,419.43,419.84,417.665,418.18,60955972,703.86,706.0,680.5,684.93,25942028
3349.88,3367.975,3272.13,3312.65,4966841,416.08,416.6,411.67,415.64,88484568,678.8,683.4464,657.701,674.18,27516136
3340.01,3354.695,3264.36,3271.17,3392998,417.38,417.63,414.94,415.72,51316402,681.52,685.2955,667.34,671.28,20235944
3270.02,3314.4,3247.2,3306.37,3929977,415.83,419.21,413.675,419.08,65397203,680.8,681.03,650.0,663.7,26208469
3323.25,3330.89,3289.7,3289.7,4218696,419.89,422.815,419.16,422.09,58000019,666.0,690.0,660.22,671.9,21700366
3281.5,3283.0,3190.0,3190.0,5417802,422.5,422.74,417.81,417.98,72071656,664.71,665.05,627.6101,629.16,29687966
3137.0,3238.0,3127.37,3223.11,4248691,413.1,415.27,410.06,414.27,105794428,599.19,627.0999,595.6,617.04,42206894
3186.59,3207.94,3133.1,3152.62,4381268,411.23,412.59,404.0,405.44,117671634,602.5,620.41,586.765,589.8,31586316
3184.81,3203.84,3133.0,3162.0,3029349,407.07,412.35,407.02,410.26,96561623,602.1,606.4599,559.65,571.76,42005806
3185.0,3228.86,3183.0,3222.9,2662194,413.2,417.49,413.18,416.53,69029028,583.4,592.87,570.46,589.72,31551180
3246.25,3292.75,3234.59,3271.79,3231235,415.39,416.39,413.36,415.54,57713982,575.81,589.73,561.2,576.83,30708664
3293.17,3312.0,3230.37,3232.73,2501458,415.8,416.06,411.77,412.0,52337849,568.39,596.25,563.38,577.88,35446228
3196.8,3234.75,3184.0,3231.95,2294558,406.92,411.05,405.335,410.9,94167279,552.37,566.21,546.98,563.29,36857757
3247.59,3259.68,3236.18,3248.54,2183565,411.8,416.625,411.67,415.24,69427475,574.99,588.85,571.07,586.7,28905498
3248.93,3256.6946,3197.01,3202.0,3554816,416.87,418.2,414.45,414.95,66393170,595.78,596.68,580.0,580.89,24381522
3215.5,3257.95,3210.4993,3244.68,2070599,417.34,420.32,417.08,419.12,45499764,581.45,614.48,573.65,606.87,32962349
3266.97,3279.82,3213.76,3259.05,2899982,420.33,420.71,417.62,418.25,50977513,607.45,613.99,595.71,604.7,26785700
3273.37,3295.73,3258.51,3265.19,2018831,418.87,419.61,417.76,419.04,38369865,607.39,626.17,601.5,619.19,27563527
3256.0,3260.355,3231.83,3232.06,1868534,420.17,420.72,418.9851,419.69,48411613,620.24,630.77,616.21,630.6,22789393
3244.81,3247.99,3219.7,3224.68,2057533,420.97,421.25,419.79,420.02,49200328,628.62,635.59,622.38,625.71,21525163
3242.98,3250.98,3209.06,3218.65,2074039,422.57,422.72,419.2,419.63,47607950,627.8,633.8,620.55,624.03,17155669
3222.01,3235.0,3208.0,3234.92,1679415,420.37,421.23,419.29,420.38,41250387,620.43,623.36,599.14,605.0001,22315710
3205.0,3214.435,3184.03,3187.94,2079219,417.87,419.99,416.28,418.86,51582905,601.8,604.55,571.22,572.825,28308048
3212.58,3221.0,3198.81,3206.22,1955470,420.75,422.92,418.8422,422.57,45129316,579.83,600.61,577.2,599.35,22616463
3197.43,3208.0,3172.2,3199.31,1902157,422.59,422.78,421.19,422.23,41442963,591.61,610.0,582.88,605.0,21385238
3222.9,3279.532,3218.01,3264.14,2929017,423.11,423.21,420.32,422.27,40131441,622.89,623.14,595.5,603.5,24177565
3273.25,3297.58,3270.7,3281.22,2111734,423.18,423.26,421.41,421.62,38368598,602.09,611.79,597.6301,598.78,15868276
3282.01,3351.0,3281.15,3349.65,3100961,422.96,424.63,421.55,423.58,43574416,603.75,616.59,600.5,610.12,22869228
3348.28,3366.58,3333.45,3346.83,2577429,424.19,424.42,422.82,424.32,37014839,610.12,612.56,601.52,609.89,15191089
3346.83,3385.0,3335.5,3384.94,1873195,424.43,425.29,423.1,425.29,33128340,612.35,625.49,609.18,617.69,19340553
3382.77,3396.9866,3363.11,3384.88,2120391,425.43,425.46,423.54,424.5,42885806,616.68,616.79,598.23,599.2,16870239
3390.0,3426.35,3360.53,3414.78,3805704,424.63,424.87,419.92,422.12,73638324,597.77,608.5,593.5,604.79,20818629
3403.3,3497.2,3401.0,3489.68,4570721,421.67,423.02,419.32,421.97,71991686,601.7,621.47,601.34,616.6,21222481
3472.1,3507.0,3473.71,3486.37,4255946,417.08,417.8281,414.7,415.01,92753385,613.21,628.35,611.8,623.32,22325626
3476.7,3482.0,3434.0,3453.96,2800769,416.8,421.06,415.93,420.85,63727942,624.24,631.39,608.88,620.83,22605684
3459.22,3523.7524,3456.01,3505.5,3030386,420.85,424.0,420.08,423.06,50857233,618.27,628.5693,615.5,623.69,17583065
3502.85,3521.0,3483.2,3503.51,2478952,423.19,424.05,422.51,422.6,41476351,631.87,657.204,630.04,656.57,28566501
3507.95,3524.8599,3430.85,3449.08,3524467,424.89,425.55,424.62,425.09,39863529,674.75,697.62,667.61,679.72,44088006
3463.4,3464.82,3394.18,3404.9,3353035,425.9,427.0943,425.55,426.57,50460394,689.24,693.81,668.7,671.6,29971264
3415.01,3448.0,3413.5098,3443.89,1928150,427.17,427.65,425.89,427.48,43937373,671.5,694.6999,670.32,688.47,20579767
3440.0,3456.03,3423.03,3449.48,1696088,427.89,428.56,427.13,427.68,32097572,684.65,687.5099,675.89,680.76,16629908
3443.0,3471.6018,3435.0,3440.29,1959873,427.2,428.78,427.18,428.08,46776402,679.86,692.81,678.14,679.78,17501754
3436.0,3457.0,3409.4207,3432.98,1801106,428.83,430.6,428.8,430.47,44147835,684.0,687.99,672.8,677.92,17652563
3451.5,3511.72,3436.92,3510.99,2711182,431.67,434.1,430.5218,433.75,46557070,679.0,700.0,673.26,678.9,25565649
3530.11,3685.48,3529.0,3675.72,6394617,433.78,434.01,430.01,432.9,60410491,681.8,684.0,651.4002,659.49,21785768
3716.3,3734.2,3678.91,3698.49,4908220,433.66,434.76,431.51,434.43,55609308,664.27,665.7,638.32,644.85,18091390
3643.99,3759.9856,3621.12,3731.42,4779980,428.78,431.73,427.52,430.95,83417621,629.22,654.43,620.46,653.31,21009964
3723.88,3748.0,3693.3967,3717.6802,3444757,432.53,435.84,430.714,435.48,59254094,653.1,658.91,644.69,656.99,16736225
3743.5,3757.2898,3696.793,3718.52,2174155,435.42,437.35,434.97,437.08,42031814,662.38,687.24,662.161,685.51,24502946
3702.95,3773.0781,3671.32,3678.85,3638087,436.26,437.84,435.31,435.62,45923305,686.32,693.28,666.2958,668.91,19395318
3709.91,3717.66,3660.8267,3683.61,2975117,437.39,437.92,434.91,436.22,54445950,670.7,678.6099,652.84,653.34,20840869
3692.69,3695.4,3620.92,3632.08,2929328,434.81,435.53,432.72,434.73,50376465,658.15,666.14,637.88,650.92,19487217
3633.46,3646.0598,3570.455,3572.98,3774105,436.0,436.06,430.92,431.38,66637403,653.49,656.6999,642.2,644.02,15323083
3532.47,3550.21,3499.16,3550.0,3036693,426.19,431.4089,421.97,424.97,127607115,630.0,647.1999,621.29,646.41,18988958
3566.1,3592.0,3518.0,3572.83,2828573,425.68,432.42,424.83,431.04,87430308,651.99,662.3916,640.501,660.31,14249603
3576.0,3586.45,3543.6416,3586.33,1934268,432.34,434.7,431.0111,434.56,54251351,659.76,664.8599,650.2901,655.23,13097617
3586.73,3640.02,3582.27,3638.01,3034223,434.74,435.72,433.69,435.5,41998182,656.35,662.17,644.6001,649.1232,14317862
3641.31,3666.11,3622.04,3656.67,2192352,437.53,440.3,436.79,439.9,53294703,646.06,648.8,637.3001,643.32,13655130
3672.83,3712.08,3647.25,3700.0,2394859,439.31,441.03,439.26,440.99,40155852,650.59,668.1999,647.11,658.2899,21092626
3698.75,3699.34,3586.15,3628.64,3801566,439.91,439.94,435.99,439.0,61032234,663.64,666.5,627.24,644.78,31232379
3633.26,3658.4204,3601.0,3630.3035,2598854,439.68,440.3,437.31,438.84,47642330,646.78,654.9699,639.4001,646.97,14977027
3625.53,3637.95,3580.01,3600.0542,3217230,439.83,441.8,439.81,440.67,40930880,650.07,683.69,648.8,677.36,28853702
3347.74,3368.14,3306.98,3327.59,9183755,437.91,440.06,437.77,438.49,56594282,671.75,697.53,669.0,687.6,27669216
3353.54,3358.92,3317.0,3331.69,2975068,440.34,440.93,437.21,437.58,54098311,699.87,726.94,698.4,709.66,31238339
3341.27,3391.0,3299.77,3366.91,3880868,438.44,441.28,436.1,441.12,52043386,718.68,722.65,701.01,709.86,20451195
3379.75,3388.88,3345.56,3354.71,1968989,439.77,441.1243,438.73,439.01,40289514,711.24,724.9,708.93,710.91,15577340
3356.63,3389.0,3340.92,3376.1,2164293,440.22,441.85,439.88,441.77,34903127,715.88,720.9499,711.41,714.63,12055445
3374.6,3375.0,3329.0374,3344.83,2382904,442.1,442.94,441.8,442.52,40274051,711.71,716.33,697.63,698.89,14266871
3342.99,3354.88,3328.52,3341.33,1855088,442.45,442.795,441.31,442.14,32740524,710.01,719.03,705.13,713.73,13158590
3346.03,3358.0,3315.0,3321.32,2216562,442.61,443.44,441.88,442.66,39129442,713.25,716.59,701.88,709.99,12217890
3331.01,3337.7,3277.79,3292.22,2751447,443.8,443.882,442.62,443.74,35841235,712.75,715.18,704.21,707.84,9070550
3292.68,3314.51,3269.67,3302.7,2060437,443.62,445.2572,442.66,445.08,34892086,706.37,722.8,699.4,722.1983,16743143
3306.02,3306.065,3283.0,3293.96,1935404,445.59,445.93,445.07,445.9,32338962,723.8,729.9,714.34,717.28,15123022
3285.36,3300.0,3211.13,3299.0,3161538,444.54,447.11,442.87,447.02,52706914,705.4,709.5,676.4,686.15,20921438
3277.5,3280.49,3225.68,3241.96,3062266,444.24,444.96,440.85,444.06,84161406,672.71,674.58,648.84,665.86,22100268
3241.97,3254.0974,3200.0,3201.21,2669493,442.96,444.625,438.92,439.21,70093163,670.03,695.77,669.35,689.29,18588361
3196.76,3233.0,3182.4636,3186.47,3280697,436.27,441.14,436.12,439.84,84838725,678.22,686.55,667.59,673.47,13116083
3196.98,3207.81,3175.76,3199.06,3021649,440.23,443.71,439.71,443.33,63120064,682.72,692.1299,673.7,680.09,13511215
3213.85,3280.9,3210.005,3265.97,2704932,445.16,448.23,443.4355,447.26,49349485,685.57,712.1299,680.7505,706.18,18960307
3281.0,3315.4941,3274.58,3306.04,2246936,447.97,448.54,447.42,447.95,33180117,710.8,715.22,702.64,708.4794,12195272
3311.0,3321.0,3286.15,3299.99,1457942,448.17,449.457,447.77,448.88,35262175,707.0,716.97,704.0,711.01,11700325
3299.15,3332.0,3296.0,3315.47,1898916,448.61,448.86,446.16,446.27,53455704,708.29,715.4,697.6201,701.15,12542023
3332.51,3352.32,3313.75,3349.05,2033936,447.12,450.65,447.06,450.19,54848833,705.1,715.0,702.1001,711.75,12911642
3356.03,3445.0,3355.22,3421.14,2907146,450.99,453.07,450.71,452.22,41870839,714.5,731.0,712.73,730.83,17730055
3424.94,3472.58,3395.59,3472.49,2915452,452.13,452.49,450.92,451.61,48724399,732.77,740.39,726.44,735.76,16877243
3494.6,3527.0,3475.24,3479.58,3354386,452.58,453.11,451.545,451.81,42568610,734.1,741.99,731.2701,734.08,12003545
3495.0,3511.9607,3455.0,3463.4,2728552,453.32,454.05,451.91,453.195,39220785,734.49,740.97,730.54,732.39,12093852
3453.55,3482.67,3436.44,3478.77,2363084,451.98,453.63,451.55,453.06,37843082,731.66,734.0,724.2,733.75,13992007
3477.97,3528.09,3476.94,3509.14,2534415,452.71,452.81,450.7423,451.52,46091753,740.0,760.2,739.26,752.74,18747758
3511.99,3545.63,3495.67,3525.69,2732932,450.89,451.67,448.86,450.96,50695626,761.33,764.45,741.48,753.887,17406952
3526.38,3549.99,3480.37,3485.3,2499697,450.7,452.57,448.72,448.94,51603442,753.71,762.1,751.6301,754.86,13296489
3497.0,3508.45,3462.9055,3470.39,2183227,451.04,451.49,445.31,445.5,75763259,759.75,762.61,734.5201,736.24,14236852
3485.99,3497.96,3438.0,3455.96,1996196,448.65,448.92,444.11,446.56,75103627,740.4,744.78,708.85,743.12,21881630
3475.55,3486.806,3437.7104,3450.055,1639262,448.12,448.34,443.22,444.18,67959711,742.51,754.47,736.4,744.54,17747138
3443.66,3485.42,3402.01,3475.38,2626210,444.62,448.41,443.44,447.87,69265024,745.0,756.86,738.36,755.87,14354154
3459.0,3492.55,3446.1433,3488.56,2186117,447.32,448.36,444.02,447.14,69354318,752.52,758.91,747.61,756.91,12565610
3491.17,3497.41,3452.13,3462.56,2987320,444.92,445.37,441.02,441.41,100861596,756.51,761.04,750.0,760.05,18472618
3394.0,3419.0,3305.01,3356.13,3924391,434.88,436.56,428.86,434.07,149948277,734.13,742.0,718.6249,730.26,22441736
3377.72,3379.7,3332.39,3344.33,2543787,436.53,437.91,433.07,433.67,82418070,734.88,744.7399,730.44,739.38,14922085
3348.41,3389.0,3341.05,3381.1,2135549,436.05,440.03,433.747,437.83,91135278,743.5,753.6699,739.12,751.75,13586028
3383.01,3428.96,3380.05,3415.99,2148171,439.84,444.89,439.6,443.13,67408294,755.07,758.2,747.92,753.68,11244060
3402.31,3429.26,3393.4,3426.563,1861700,441.44,444.67,441.21,443.92,52199034,745.89,774.8,744.56,774.54,20458573
3374.01,3415.57,3339.61,3406.69,3254302,442.81,444.05,441.9,442.68,51611925,773.22,799.0,769.31,791.4,26193857
3357.5,3369.19,3290.1,3315.96,3909414,439.69,440.04,432.94,433.74,114959576,787.21,795.64,766.1801,777.56,23562104
3326.02,3351.3,3297.87,3302.75,2306955,435.19,437.04,433.85,434.44,69828191,780.81,793.5,770.68,781.3,19864201
3315.25,3327.85,3273.99,3286.61,2349154,436.02,436.77,428.78,429.17,115315276,780.5,789.1305,775.0,775.12,16607487
3289.01,3309.1746,3255.94,3283.17,2513022,430.98,436.0329,427.24,434.19,110774792,778.23,780.78,763.59,775.22,15534257
3278.75,3279.99,3176.25,3191.7,4034895,433.0,433.96,426.36,428.69,112134374,796.52,806.9699,776.12,781.59,28234226
3204.12,3260.73,3202.464,3220.99,2672848,430.24,435.49,429.39,433.05,82381830,784.3,797.31,774.2,780.6,17494284
3213.53,3264.34,3198.62,3263.2,2186146,429.27,435.1199,427.54,434.92,99477866,776.2,786.66,773.22,782.53,13556622
3289.53,3325.746,3283.06,3302.43,2131959,438.39,441.68,438.2,438.64,64139858,785.75,805.0,783.38,793.54,16655597
3316.08,3321.43,3288.2,3290.57,1708132,439.48,439.89,437.19,437.82,57510090,796.0,796.38,780.91,785.5155,15877370
3272.41,3292.5898,3238.1,3245.15,1825823,437.16,440.26,434.62,434.67,54993389,787.49,801.24,785.5,791.67,13489162
3259.415,3267.528,3236.28,3247.33,1528207,435.67,436.1,432.78,433.63,61078594,800.89,812.32,796.57,805.73,20066176
3269.0,3288.38,3261.0889,3285.0,1883098,434.71,436.05,431.54,435.13,63943229,810.15,815.41,805.78,811.27,13127145
3303.33,3312.6,3290.78,3299.88,1689460,439.08,442.66,438.58,442.47,59812568,815.39,820.25,813.3501,818.01,11132081
3306.5,3410.42,3304.0,3409.23,4829856,444.76,446.26,444.09,445.83,55980388,824.0,843.21,822.35,843.07,17613307
3387.38,3449.17,3385.1,3446.01,2752493,443.97,447.55,443.27,447.22,51994387,851.48,875.26,851.47,870.11,21278456
3433.51,3454.69,3422.0,3444.47,2037937,448.92,450.7,448.27,450.68,40790864,877.35,877.95,862.51,864.16,16088677
3452.99,3462.86,3400.37,3414.83,1893606,451.13,452.732,451.01,452.39,41594298,865.3,869.49,857.38,865.79,11438596
3414.25,3440.28,3403.0,3435.01,1593944,451.76,453.829,451.31,453.61,33945007,856.25,900.0,855.5046,893.6,29995717
3421.25,3429.84,3331.3,3335.52,2761493,453.13,454.67,451.05,453.13,50771701,895.5,910.0,890.96,909.5,21177618
3336.47,3347.7998,3297.7,3322.4,1894014,454.28,455.9,452.39,455.48,37918548,950.7,1045.02,944.2,1024.86,59563450
3350.01,3416.12,3343.98,3375.89,2372879,457.2,458.49,455.56,455.97,49865704,1024.7,1094.94,1001.44,1018.06,60207022
3389.83,3437.0,3371.4534,3393.325,2366378,456.45,457.16,453.86,453.92,48219255,1038.78,1070.88,1030.78,1038.0,35678056
3400.43,3479.0,3386.0,3444.5,4040885,455.46,458.4,455.45,458.27,43081788,1068.03,1081.0,1054.2,1077.09,24517641
3300.03,3374.82,3273.32,3372.43,5462617,455.87,459.56,455.56,459.22,58813207,1081.41,1115.21,1073.205,1114.18,27215436
3366.04,3375.86,3292.02,3317.99,3317329,460.3,460.7021,458.2,460.08,41362369,1145.01,1209.75,1118.66,1209.48,51136101
3317.5,3331.115,3283.55,3313.17,2364950,460.21,462.23,460.08,461.87,41914839,1159.355,1208.59,1146.0,1171.85,38817598
3310.46,3394.92,3297.52,3384.0,3051730,461.3,465.15,460.83,464.73,44736952,1177.43,1215.39,1152.62,1213.688,32191945
3371.29,3498.625,3365.0,3477.04,5077538,465.36,467.0,464.99,466.86,45729874,1234.14,1243.49,1217.0,1229.73,23702373
3478.05,3566.25,3476.98,3516.64,4575142,469.28,470.65,466.92,468.49,56119290,1228.45,1239.87,1208.0,1221.4406,20606706
3522.0,3579.0,3487.86,3487.89,2763443,469.7,470.23,468.2031,468.97,38945705,1149.69,1197.0,1133.0,1162.73,28835359
3515.75,3593.77,3501.425,3577.65,3802632,469.32,469.57,465.88,467.38,47198095,1173.6,1174.5,1011.52,1023.51,57380681
3562.01,3605.45,3463.09,3482.1067,3695442,465.58,467.38,462.04,463.63,63500032,1010.41,1078.1,987.31,1067.76,39110436
3514.74,3543.24,3467.47,3472.46,2087255,465.21,465.29,463.75,463.81,31757893,1102.77,1104.97,1054.68,1063.51,20611963
3488.89,3540.7263,3447.05,3525.97,2316171,465.12,467.86,464.11,467.26,44677612,1047.5,1054.5,1019.2,1033.5,23849794
3538.045,3593.88,3525.81,3545.69,2370404,468.64,468.81,466.23,467.39,39813913,1017.63,1031.98,978.6,1013.69,32909373
3539.0,3576.5,3525.1465,3540.7,1878273,467.16,470.485,467.07,469.24,41723421,1003.31,1057.2,1002.18,1054.54,24663144
3565.95,3587.245,3545.35,3548.86,2332560,469.0,469.19,467.48,468.11,40088372,1063.11,1119.64,1055.5,1089.4,29549771
3565.37,3704.2,3561.0,3696.07,5321191,469.24,470.01,466.34,469.71,45100029,1106.55,1112.0,1075.02,1096.37,19523378
3709.13,3762.145,3675.72,3676.82,4430795,469.61,470.94,468.5,468.91,49009452,1099.16,1138.7198,1092.7,1137.12,19639641
3675.32,3713.455,3567.5,3572.83,4350171,470.81,473.54,467.35,467.53,61497941,1162.01,1201.95,1132.43,1156.05,30542562
3585.65,3621.05,3527.71,3580.56,3204323,467.22,469.095,464.45,468.25,62851184,1167.51,1180.4999,1062.7,1108.81,34397054
3562.45,3613.64,3536.85,3579.08,2083294,466.06,469.57,465.19,469.37,54274217,1080.39,1132.77,1062.0,1115.85,20960960
